-- phpMyAdmin SQL Dump
-- version 4.8.3
-- https://www.phpmyadmin.net/
--
-- Servidor: localhost
-- Tiempo de generación: 25-04-2022 a las 14:03:37
-- Versión del servidor: 10.1.37-MariaDB
-- Versión de PHP: 7.2.12

SET SQL_MODE = "NO_AUTO_VALUE_ON_ZERO";
SET AUTOCOMMIT = 0;
START TRANSACTION;
SET time_zone = "+00:00";


/*!40101 SET @OLD_CHARACTER_SET_CLIENT=@@CHARACTER_SET_CLIENT */;
/*!40101 SET @OLD_CHARACTER_SET_RESULTS=@@CHARACTER_SET_RESULTS */;
/*!40101 SET @OLD_COLLATION_CONNECTION=@@COLLATION_CONNECTION */;
/*!40101 SET NAMES utf8mb4 */;

--
-- Base de datos: `pedidoslab`
--

-- --------------------------------------------------------

--
-- Estructura de tabla para la tabla `admins_permissions`
--

CREATE TABLE `admins_permissions` (
  `permission_id` tinyint(3) UNSIGNED NOT NULL,
  `user_id` int(10) UNSIGNED NOT NULL
) ENGINE=InnoDB DEFAULT CHARSET=utf8;

-- --------------------------------------------------------

--
-- Estructura de tabla para la tabla `auth_login_fail`
--

CREATE TABLE `auth_login_fail` (
  `log_id` int(11) NOT NULL COMMENT 'id del acceso. autonumerico',
  `username` varchar(50) DEFAULT NULL COMMENT 'nombre de usuario usado.',
  `password` varchar(75) DEFAULT NULL COMMENT 'motivo por el que no pudo acceder',
  `reason` varchar(255) DEFAULT NULL,
  `date` date DEFAULT NULL COMMENT 'fecha del acceso',
  `time` time DEFAULT NULL COMMENT 'hora del acceso.',
  `user_agent` text COMMENT 'informacion sobre el navegador del cliente',
  `ip` varchar(50) DEFAULT NULL COMMENT 'ip del usuario.'
) ENGINE=MyISAM DEFAULT CHARSET=utf8 COMMENT='tabla que contiene los intentos de acceso ilegales.';

--
-- Volcado de datos para la tabla `auth_login_fail`
--

INSERT INTO `auth_login_fail` (`log_id`, `username`, `password`, `reason`, `date`, `time`, `user_agent`, `ip`) VALUES
(34, 'prov@prov.com', '123123', '0', '2022-04-21', '11:39:16', 'Mozilla/5.0 (Macintosh; Intel Mac OS X 10_15_7) AppleWebKit/537.36 (KHTML, like Gecko) Chrome/100.0.4896.127 Safari/537.36', '127.0.0.1'),
(35, 'prov@prov.com', '123123', '0', '2022-04-21', '11:40:33', 'Mozilla/5.0 (Macintosh; Intel Mac OS X 10_15_7) AppleWebKit/537.36 (KHTML, like Gecko) Chrome/100.0.4896.127 Safari/537.36', '127.0.0.1'),
(36, 'prov@prov.com', '123456', '0', '2022-04-21', '11:40:37', 'Mozilla/5.0 (Macintosh; Intel Mac OS X 10_15_7) AppleWebKit/537.36 (KHTML, like Gecko) Chrome/100.0.4896.127 Safari/537.36', '127.0.0.1'),
(37, 'prov@prov.com', '123123', '0', '2022-04-21', '11:42:12', 'Mozilla/5.0 (Macintosh; Intel Mac OS X 10_15_7) AppleWebKit/605.1.15 (KHTML, like Gecko) Version/15.3 Safari/605.1.15', '127.0.0.1'),
(38, NULL, NULL, '0', '2022-04-21', '11:43:35', 'Mozilla/5.0 (Macintosh; Intel Mac OS X 10_15_7) AppleWebKit/605.1.15 (KHTML, like Gecko) Version/15.3 Safari/605.1.15', '127.0.0.1');

-- --------------------------------------------------------

--
-- Estructura de tabla para la tabla `auth_login_success`
--

CREATE TABLE `auth_login_success` (
  `log_id` int(11) NOT NULL COMMENT 'id del acceso. autonumerico',
  `user_id` int(11) DEFAULT NULL,
  `date` date DEFAULT NULL COMMENT 'fecha del acceso',
  `time` time DEFAULT NULL COMMENT 'hora del acceso.',
  `user_agent` text COMMENT 'informacion sobre el navegador del cliente',
  `ip` varchar(50) DEFAULT NULL COMMENT 'ip del usuario.'
) ENGINE=MyISAM DEFAULT CHARSET=utf8 COMMENT='tabla que contiene los intentos de acceso ilegales.';

--
-- Volcado de datos para la tabla `auth_login_success`
--

INSERT INTO `auth_login_success` (`log_id`, `user_id`, `date`, `time`, `user_agent`, `ip`) VALUES
(122, 1, '2022-03-03', '16:45:12', 'Mozilla/5.0 (Macintosh; Intel Mac OS X 10_15_7) AppleWebKit/537.36 (KHTML, like Gecko) Chrome/98.0.4758.102 Safari/537.36', '127.0.0.1'),
(123, 1, '2022-03-17', '18:25:38', 'Mozilla/5.0 (Macintosh; Intel Mac OS X 10_15_7) AppleWebKit/537.36 (KHTML, like Gecko) Chrome/99.0.4844.51 Safari/537.36', '127.0.0.1'),
(124, 1, '2022-03-26', '08:41:10', 'Mozilla/5.0 (Macintosh; Intel Mac OS X 10_15_7) AppleWebKit/537.36 (KHTML, like Gecko) Chrome/99.0.4844.74 Safari/537.36', '127.0.0.1'),
(125, 1, '2022-03-27', '10:08:03', 'Mozilla/5.0 (Macintosh; Intel Mac OS X 10_15_7) AppleWebKit/537.36 (KHTML, like Gecko) Chrome/99.0.4844.83 Safari/537.36', '127.0.0.1'),
(126, 1, '2022-03-27', '10:42:19', 'Mozilla/5.0 (Macintosh; Intel Mac OS X 10_15_7) AppleWebKit/537.36 (KHTML, like Gecko) Chrome/99.0.4844.83 Safari/537.36', '127.0.0.1'),
(127, 1, '2022-03-27', '10:55:15', 'Mozilla/5.0 (Macintosh; Intel Mac OS X 10_15_7) AppleWebKit/537.36 (KHTML, like Gecko) Chrome/99.0.4844.83 Safari/537.36', '127.0.0.1'),
(128, 1, '2022-03-27', '17:05:15', 'Mozilla/5.0 (Macintosh; Intel Mac OS X 10_15_7) AppleWebKit/537.36 (KHTML, like Gecko) Chrome/99.0.4844.83 Safari/537.36', '127.0.0.1'),
(129, 1, '2022-03-29', '17:00:47', 'Mozilla/5.0 (Macintosh; Intel Mac OS X 10_15_7) AppleWebKit/537.36 (KHTML, like Gecko) Chrome/99.0.4844.83 Safari/537.36', '127.0.0.1'),
(130, 1, '2022-04-21', '11:11:46', 'Mozilla/5.0 (Macintosh; Intel Mac OS X 10_15_7) AppleWebKit/537.36 (KHTML, like Gecko) Chrome/100.0.4896.127 Safari/537.36', '127.0.0.1'),
(131, 1, '2022-04-21', '11:40:40', 'Mozilla/5.0 (Macintosh; Intel Mac OS X 10_15_7) AppleWebKit/537.36 (KHTML, like Gecko) Chrome/100.0.4896.127 Safari/537.36', '127.0.0.1'),
(132, 1, '2022-04-21', '11:45:38', 'Mozilla/5.0 (Macintosh; Intel Mac OS X 10_15_7) AppleWebKit/605.1.15 (KHTML, like Gecko) Version/15.3 Safari/605.1.15', '127.0.0.1'),
(133, 1, '2022-04-21', '12:02:34', 'Mozilla/5.0 (Macintosh; Intel Mac OS X 10_15_7) AppleWebKit/537.36 (KHTML, like Gecko) Chrome/100.0.4896.127 Safari/537.36', '127.0.0.1'),
(134, 1, '2022-04-21', '12:09:59', 'Mozilla/5.0 (Macintosh; Intel Mac OS X 10_15_7) AppleWebKit/605.1.15 (KHTML, like Gecko) Version/15.3 Safari/605.1.15', '127.0.0.1');

-- --------------------------------------------------------

--
-- Estructura de tabla para la tabla `condiciones`
--

CREATE TABLE `condiciones` (
  `condicion_id` smallint(5) NOT NULL,
  `laboratorio_id` smallint(5) NOT NULL,
  `condicion_nombre` varchar(255) NOT NULL DEFAULT '',
  `condicion_cantidad_minima` smallint(5) NOT NULL DEFAULT '-1',
  `condicion_cantidad_maxima` smallint(5) NOT NULL DEFAULT '-1',
  `condicion_cantidad_minima_eur` smallint(5) NOT NULL DEFAULT '-1',
  `condicion_cantidad_maxima_eur` smallint(5) NOT NULL DEFAULT '-1',
  `condicion_tipo_descuento` tinyint(1) NOT NULL DEFAULT '0',
  `condicion_cantidad_descuento` smallint(5) NOT NULL DEFAULT '0',
  `unidades_oferta` smallint(5) NOT NULL,
  `unidades_regalo_oferta` smallint(5) NOT NULL,
  `condicion_activo` tinyint(1) NOT NULL DEFAULT '1'
) ENGINE=InnoDB DEFAULT CHARSET=utf8;

--
-- Volcado de datos para la tabla `condiciones`
--

INSERT INTO `condiciones` (`condicion_id`, `laboratorio_id`, `condicion_nombre`, `condicion_cantidad_minima`, `condicion_cantidad_maxima`, `condicion_cantidad_minima_eur`, `condicion_cantidad_maxima_eur`, `condicion_tipo_descuento`, `condicion_cantidad_descuento`, `unidades_oferta`, `unidades_regalo_oferta`, `condicion_activo`) VALUES
(1, 1, 'Compra mínima 6 id1', 6, 10, -1, -1, 0, 0, 0, 0, 1),
(2, 1, 'test id2', -1, 30, 0, -1, 1, 123, 0, 0, 1);

-- --------------------------------------------------------

--
-- Estructura de tabla para la tabla `condiciones_productos`
--

CREATE TABLE `condiciones_productos` (
  `condicion_id` smallint(5) NOT NULL,
  `cod_nacional` varchar(255) NOT NULL DEFAULT ''
) ENGINE=InnoDB DEFAULT CHARSET=utf8;

--
-- Volcado de datos para la tabla `condiciones_productos`
--

INSERT INTO `condiciones_productos` (`condicion_id`, `cod_nacional`) VALUES
(1, '1'),
(1, '2'),
(2, '1'),
(2, '2'),
(2, '3');

-- --------------------------------------------------------

--
-- Estructura de tabla para la tabla `condiciones_proveedor_multiple`
--

CREATE TABLE `condiciones_proveedor_multiple` (
  `condicion_id` smallint(5) NOT NULL,
  `proveedor_id` smallint(5) NOT NULL
) ENGINE=InnoDB DEFAULT CHARSET=utf8;

--
-- Volcado de datos para la tabla `condiciones_proveedor_multiple`
--

INSERT INTO `condiciones_proveedor_multiple` (`condicion_id`, `proveedor_id`) VALUES
(1, 1),
(1, 2),
(1, 3),
(2, 1),
(2, 2);

-- --------------------------------------------------------

--
-- Estructura de tabla para la tabla `excel_incrementales`
--

CREATE TABLE `excel_incrementales` (
  `nombre_excel` varchar(255) NOT NULL DEFAULT '',
  `num_registros` int(5) NOT NULL DEFAULT '0'
) ENGINE=InnoDB DEFAULT CHARSET=utf8;

--
-- Volcado de datos para la tabla `excel_incrementales`
--

INSERT INTO `excel_incrementales` (`nombre_excel`, `num_registros`) VALUES
('202202_5I.xlsx', 992);

-- --------------------------------------------------------

--
-- Estructura de tabla para la tabla `laboratorios`
--

CREATE TABLE `laboratorios` (
  `laboratorio_id` smallint(5) NOT NULL,
  `laboratorio_cif` varchar(15) NOT NULL DEFAULT '',
  `laboratorio_nombre` varchar(255) NOT NULL DEFAULT '',
  `laboratorio_email` varchar(100) NOT NULL DEFAULT '',
  `laboratorio_nombrecomercial` varchar(100) NOT NULL DEFAULT '',
  `laboratorio_direccion` varchar(100) NOT NULL DEFAULT '',
  `laboratorio_poblacion` varchar(100) NOT NULL DEFAULT '',
  `laboratorio_municipio` varchar(100) NOT NULL DEFAULT '',
  `laboratorio_idpais` tinyint(4) NOT NULL DEFAULT '73',
  `laboratorio_cp` varchar(10) NOT NULL,
  `laboratorio_telefono` varchar(30) NOT NULL,
  `laboratorio_pwd` varchar(255) NOT NULL,
  `laboratorio_activo` tinyint(1) NOT NULL DEFAULT '1',
  `laboratorio_pwd_token` varchar(255) NOT NULL,
  `laboratorio_selectorvalidator` varchar(255) DEFAULT NULL,
  `laboratorio_hashedvalidator` varchar(255) DEFAULT NULL,
  `laboratorio_create_time` timestamp NULL DEFAULT CURRENT_TIMESTAMP,
  `laboratorio_pwd_seed` varchar(255) DEFAULT NULL,
  `laboratorio_pwd_seed_time` timestamp NULL DEFAULT NULL
) ENGINE=InnoDB DEFAULT CHARSET=utf8;

--
-- Volcado de datos para la tabla `laboratorios`
--

INSERT INTO `laboratorios` (`laboratorio_id`, `laboratorio_cif`, `laboratorio_nombre`, `laboratorio_email`, `laboratorio_nombrecomercial`, `laboratorio_direccion`, `laboratorio_poblacion`, `laboratorio_municipio`, `laboratorio_idpais`, `laboratorio_cp`, `laboratorio_telefono`, `laboratorio_pwd`, `laboratorio_activo`, `laboratorio_pwd_token`, `laboratorio_selectorvalidator`, `laboratorio_hashedvalidator`, `laboratorio_create_time`, `laboratorio_pwd_seed`, `laboratorio_pwd_seed_time`) VALUES
(1, '75140560c', 'Lab1', '', 'Lab1 comer', '', '', '', 73, '', '', '', 1, '', NULL, NULL, '2022-03-27 08:18:10', NULL, NULL),
(2, '75140559L', 'Lab2', '', 'Lab. 2', '', '', '', 73, '', '', '', 1, '', NULL, NULL, '2022-03-27 08:18:34', NULL, NULL);

-- --------------------------------------------------------

--
-- Estructura de tabla para la tabla `log_acciones`
--

CREATE TABLE `log_acciones` (
  `log_id` int(7) NOT NULL,
  `user_id` int(6) NOT NULL,
  `controlador` varchar(150) NOT NULL DEFAULT '',
  `objeto` varchar(10) NOT NULL DEFAULT '',
  `concepto` varchar(150) NOT NULL DEFAULT '',
  `tabla` varchar(150) NOT NULL DEFAULT '',
  `texto` text NOT NULL,
  `create_time` timestamp NULL DEFAULT CURRENT_TIMESTAMP
) ENGINE=InnoDB DEFAULT CHARSET=utf8;

--
-- Volcado de datos para la tabla `log_acciones`
--

INSERT INTO `log_acciones` (`log_id`, `user_id`, `controlador`, `objeto`, `concepto`, `tabla`, `texto`, `create_time`) VALUES
(1, 1, 'contactosweb editContacto', '', 'Se ha editado el contacto: 4', 'Contacto web', 'Array\n(\n    [idcontactoWeb] => 4\n    [tipo] => 0\n    [nombre] => Edwin Rojas\n    [email] => rojaedwin@gmail.com\n    [telefono] => 637018839\n    [comentarios] => mi mensaje de prueba\n    [leido] => 1\n    [leido_by] => 1\n    [fecha] => 2021-03-07 21:02:05\n    [fechaLeido] => 2021-08-31 03:36:50\n    [establecido] => 0\n)\n', '2021-08-31 01:36:58'),
(2, 1, 'contactosweb deleteContacto', '', 'Se ha eliminado el contacto: 4', 'contactos web', 'Array\n(\n    [idcontactoWeb] => 4\n    [tipo] => 0\n    [nombre] => Edwin Rojas\n    [email] => rojaedwin@gmail.com\n    [telefono] => 637018839\n    [comentarios] => mi mensaje de pruebas\n    [leido] => 1\n    [leido_by] => 1\n    [fecha] => 2021-03-07 21:02:05\n    [fechaLeido] => 2021-08-31 03:36:50\n    [establecido] => 0\n)\n', '2021-08-31 01:37:04');

-- --------------------------------------------------------

--
-- Estructura de tabla para la tabla `pedidos`
--

CREATE TABLE `pedidos` (
  `pedido_id` int(5) NOT NULL,
  `proveedor_id` smallint(5) NOT NULL,
  `pedido_realizado` tinyint(1) NOT NULL DEFAULT '0',
  `pedido_create_time` timestamp NOT NULL DEFAULT CURRENT_TIMESTAMP,
  `pedido_realizado_time` timestamp NOT NULL DEFAULT CURRENT_TIMESTAMP
) ENGINE=InnoDB DEFAULT CHARSET=utf8;

--
-- Volcado de datos para la tabla `pedidos`
--

INSERT INTO `pedidos` (`pedido_id`, `proveedor_id`, `pedido_realizado`, `pedido_create_time`, `pedido_realizado_time`) VALUES
(1, 1, 0, '2022-03-27 08:40:47', '2022-03-27 08:40:47'),
(7, 1, 1, '2022-04-21 09:30:21', '2022-04-21 09:30:21'),
(8, 2, 0, '2022-04-21 09:30:21', '2022-04-21 09:30:21'),
(9, 3, 0, '2022-04-21 09:30:21', '2022-04-21 09:30:21');

-- --------------------------------------------------------

--
-- Estructura de tabla para la tabla `pedidostmp_productos`
--

CREATE TABLE `pedidostmp_productos` (
  `proveedor_id` smallint(5) NOT NULL,
  `cod_nacional` varchar(255) NOT NULL DEFAULT '',
  `num_unidades` int(5) NOT NULL DEFAULT '0',
  `num_obtener` int(5) NOT NULL DEFAULT '0'
) ENGINE=InnoDB DEFAULT CHARSET=utf8;

--
-- Volcado de datos para la tabla `pedidostmp_productos`
--

INSERT INTO `pedidostmp_productos` (`proveedor_id`, `cod_nacional`, `num_unidades`, `num_obtener`) VALUES
(1, '1', 10, 10),
(1, '1503305', 2, 2),
(1, '1509529', 1, 1),
(1, '1539809', 1, 1),
(1, '1540478', 1, 1),
(1, '1542779', 1, 1),
(1, '1543547', 1, 1),
(1, '1543554', 2, 2),
(1, '1544148', 1, 1),
(1, '1568823', 1, 1),
(1, '1569684', 1, 1),
(1, '1589217', 1, 1),
(1, '1597069', 1, 1),
(1, '1604262', 4, 4),
(1, '1607744', 1, 1),
(1, '1649164', 1, 1),
(1, '1650979', 1, 1),
(1, '1653376', 1, 1),
(1, '1658913', 1, 1),
(1, '1658920', 1, 1),
(1, '1661807', 1, 1),
(1, '1665386', 1, 1),
(1, '1673299', 1, 1),
(1, '1677310', 1, 1),
(1, '1678218', 2, 2),
(1, '1684264', 1, 1),
(1, '1685957', 1, 1),
(1, '1687234', 1, 1),
(1, '1710352', 1, 1),
(1, '1731074', 1, 1),
(1, '1732170', 1, 1),
(1, '1733962', 1, 1),
(1, '1733979', 1, 1),
(1, '1740304', 1, 1),
(1, '1760111', 1, 1),
(1, '1760807', 2, 2),
(1, '1761231', 1, 1),
(1, '1762962', 1, 1),
(1, '1768582', 1, 1),
(1, '1780270', 1, 1),
(1, '1796387', 1, 1),
(1, '1796493', 1, 1),
(1, '1796516', 1, 1),
(1, '1815989', 1, 1),
(1, '1822727', 1, 1),
(1, '1847188', 1, 1),
(1, '1856517', 1, 1),
(1, '1860170', 1, 1),
(1, '1872043', 1, 1),
(1, '1881274', 1, 1),
(1, '1881540', 1, 1),
(1, '1902313', 1, 1),
(1, '1930743', 1, 1),
(1, '1940100', 1, 1),
(1, '1942579', 1, 1),
(1, '1959140', 1, 1),
(1, '1960252', 1, 1),
(1, '2005372', 1, 1),
(1, '2052017', 4, 4),
(1, '2105782', 2, 2),
(1, '2148413', 1, 1),
(1, '2182790', 1, 1),
(1, '2197749', 1, 1),
(1, '2306660', 1, 1),
(1, '2328761', 3, 3),
(1, '2384934', 2, 2),
(1, '2397989', 1, 1),
(1, '2491038', 1, 1),
(1, '2511972', 1, 1),
(1, '2523463', 1, 1),
(1, '2556812', 1, 1),
(1, '2595729', 1, 1),
(1, '2674356', 1, 1),
(1, '3', 10, 10),
(1, '3059794', 1, 1),
(1, '3140218', 1, 1),
(1, '3158046', 1, 1),
(1, '3335188', 1, 1),
(1, '3402088', 1, 1),
(1, '3429535', 1, 1),
(1, '3441902', 1, 1),
(1, '3481434', 1, 1),
(1, '3542258', 1, 1),
(1, '3559096', 1, 1),
(1, '3599436', 1, 1),
(1, '3764186', 1, 1),
(1, '3793544', 1, 1),
(1, '3831338', 1, 1),
(1, '3839686', 1, 1),
(1, '3994934', 1, 1),
(1, '4611861', 1, 1),
(1, '4640656', 1, 1),
(1, '4648836', 1, 1),
(1, '4694604', 1, 1),
(1, '4701203', 1, 1),
(1, '4712438', 1, 1),
(1, '4714821', 1, 1),
(1, '4726626', 1, 1),
(1, '4848816', 1, 1),
(1, '6658284', 1, 1),
(1, '6889657', 1, 1),
(1, '7063360', 1, 1),
(1, '7083672', 1, 1),
(1, '7265542', 1, 1),
(1, '8496792', 2, 2),
(2, '2', 10, 10),
(3, '2', 5, 5);

-- --------------------------------------------------------

--
-- Estructura de tabla para la tabla `pedidostmp_promociones`
--

CREATE TABLE `pedidostmp_promociones` (
  `pedidopromotmp_id` int(5) NOT NULL,
  `proveedor_id` int(5) NOT NULL,
  `nombre_promo` varchar(255) NOT NULL DEFAULT '',
  `beneficios` varchar(255) NOT NULL DEFAULT ''
) ENGINE=InnoDB DEFAULT CHARSET=utf8;

--
-- Volcado de datos para la tabla `pedidostmp_promociones`
--

INSERT INTO `pedidostmp_promociones` (`pedidopromotmp_id`, `proveedor_id`, `nombre_promo`, `beneficios`) VALUES
(1, 1, 'Compra mínima 6 id1', ''),
(2, 1, 'test id2', 'Descuento 123€<br>'),
(3, 2, 'Compra mínima 6 id1', ''),
(4, 2, 'test id2', 'Descuento 123€<br>'),
(5, 3, 'Compra mínima 6 id1', '');

-- --------------------------------------------------------

--
-- Estructura de tabla para la tabla `pedidos_productos`
--

CREATE TABLE `pedidos_productos` (
  `pedido_id` int(5) NOT NULL,
  `cod_nacional` varchar(255) NOT NULL DEFAULT '',
  `num_unidades` int(5) NOT NULL DEFAULT '0',
  `num_obtener` int(5) NOT NULL DEFAULT '0'
) ENGINE=InnoDB DEFAULT CHARSET=utf8;

--
-- Volcado de datos para la tabla `pedidos_productos`
--

INSERT INTO `pedidos_productos` (`pedido_id`, `cod_nacional`, `num_unidades`, `num_obtener`) VALUES
(7, '1', 6, 6),
(7, '2', 4, 4),
(7, '3', 10, 10),
(8, '1', 4, 4),
(8, '2', 3, 3),
(9, '2', 6, 6);

-- --------------------------------------------------------

--
-- Estructura de tabla para la tabla `pedidos_promociones`
--

CREATE TABLE `pedidos_promociones` (
  `pedidopromo_id` int(5) NOT NULL,
  `pedido_id` int(5) NOT NULL,
  `nombre_promo` varchar(255) NOT NULL DEFAULT '',
  `beneficios` varchar(255) NOT NULL DEFAULT ''
) ENGINE=InnoDB DEFAULT CHARSET=utf8;

--
-- Volcado de datos para la tabla `pedidos_promociones`
--

INSERT INTO `pedidos_promociones` (`pedidopromo_id`, `pedido_id`, `nombre_promo`, `beneficios`) VALUES
(8, 7, 'Compra mínima 6 id1', ''),
(9, 7, 'test id2', 'Descuento 123€<br>'),
(10, 8, 'Compra mínima 6 id1', ''),
(11, 8, 'test id2', 'Descuento 123€<br>'),
(12, 9, 'Compra mínima 6 id1', '');

-- --------------------------------------------------------

--
-- Estructura de tabla para la tabla `productos`
--

CREATE TABLE `productos` (
  `cod_nacional` varchar(255) NOT NULL DEFAULT '',
  `producto_nombre` varchar(100) NOT NULL DEFAULT '',
  `producto_descripcion` varchar(255) NOT NULL DEFAULT '',
  `producto_pvp` decimal(7,2) NOT NULL DEFAULT '0.00'
) ENGINE=InnoDB DEFAULT CHARSET=utf8;

--
-- Volcado de datos para la tabla `productos`
--

INSERT INTO `productos` (`cod_nacional`, `producto_nombre`, `producto_descripcion`, `producto_pvp`) VALUES
('1', 'Producto 1', '', '42.00'),
('13', 'Producto 0', '', '57.00'),
('1502438', 'Producto 4', '', '52.00'),
('1503305', 'Producto 5', '', '12.00'),
('1504180', 'Producto 6', '', '74.00'),
('1504609', 'Producto 7', '', '82.00'),
('1506924', 'Producto 8', '', '10.00'),
('1508911', 'Producto 9', '', '33.00'),
('1509208', 'Producto 10', '', '87.00'),
('1509239', 'Producto 11', '', '57.00'),
('1509529', 'Producto 12', '', '71.00'),
('1511522', 'Producto 13', '', '80.00'),
('1512901', 'Producto 14', '', '30.00'),
('1513670', 'Producto 15', '', '76.00'),
('1514417', 'Producto 16', '', '28.00'),
('1515711', 'Producto 17', '', '44.00'),
('1516893', 'Producto 18', '', '37.00'),
('1517043', 'Producto 19', '', '32.00'),
('1517975', 'Producto 20', '', '25.00'),
('1518132', 'Producto 21', '', '45.00'),
('1518422', 'Producto 22', '', '19.00'),
('1518439', 'Producto 23', '', '35.00'),
('1518521', 'Producto 24', '', '59.00'),
('1519825', 'Producto 25', '', '55.00'),
('1520081', 'Producto 26', '', '16.00'),
('1520487', 'Producto 27', '', '16.00'),
('1520494', 'Producto 28', '', '19.00'),
('1520517', 'Producto 29', '', '24.00'),
('1522634', 'Producto 30', '', '54.00'),
('1523402', 'Producto 31', '', '60.00'),
('1526441', 'Producto 32', '', '19.00'),
('1526779', 'Producto 33', '', '38.00'),
('1527585', 'Producto 34', '', '50.00'),
('1529824', 'Producto 35', '', '62.00'),
('1529893', 'Producto 36', '', '41.00'),
('1531872', 'Producto 37', '', '25.00'),
('1532916', 'Producto 38', '', '84.00'),
('1533357', 'Producto 39', '', '25.00'),
('1533364', 'Producto 40', '', '79.00'),
('1534446', 'Producto 41', '', '65.00'),
('1535887', 'Producto 42', '', '15.00'),
('1538208', 'Producto 43', '', '27.00'),
('1538222', 'Producto 44', '', '54.00'),
('1539038', 'Producto 45', '', '47.00'),
('1539731', 'Producto 46', '', '42.00'),
('1539809', 'Producto 47', '', '95.00'),
('1540478', 'Producto 48', '', '63.00'),
('1540546', 'Producto 49', '', '45.00'),
('1542342', 'Producto 50', '', '18.00'),
('1542687', 'Producto 51', '', '90.00'),
('1542779', 'Producto 52', '', '9.00'),
('1542830', 'Producto 53', '', '26.00'),
('1543356', 'Producto 54', '', '84.00'),
('1543370', 'Producto 55', '', '57.00'),
('1543547', 'Producto 56', '', '51.00'),
('1543554', 'Producto 57', '', '77.00'),
('1544148', 'Producto 58', '', '49.00'),
('1544186', 'Producto 59', '', '92.00'),
('1545404', 'Producto 60', '', '75.00'),
('1546807', 'Producto 61', '', '89.00'),
('1547361', 'Producto 62', '', '99.00'),
('1548191', 'Producto 63', '', '86.00'),
('1548368', 'Producto 64', '', '70.00'),
('1549709', 'Producto 65', '', '96.00'),
('1550989', 'Producto 66', '', '23.00'),
('1551276', 'Producto 67', '', '42.00'),
('1553621', 'Producto 68', '', '54.00'),
('1554727', 'Producto 69', '', '45.00'),
('1554741', 'Producto 70', '', '27.00'),
('1555069', 'Producto 71', '', '64.00'),
('1556776', 'Producto 72', '', '49.00'),
('1557575', 'Producto 73', '', '40.00'),
('1560377', 'Producto 74', '', '99.00'),
('1561053', 'Producto 75', '', '19.00'),
('1561718', 'Producto 76', '', '19.00'),
('1563538', 'Producto 77', '', '97.00'),
('1566478', 'Producto 78', '', '54.00'),
('1567482', 'Producto 79', '', '24.00'),
('1568823', 'Producto 80', '', '36.00'),
('1569684', 'Producto 81', '', '97.00'),
('1570789', 'Producto 82', '', '67.00'),
('1570796', 'Producto 83', '', '50.00'),
('1571342', 'Producto 84', '', '13.00'),
('1571359', 'Producto 85', '', '96.00'),
('1571380', 'Producto 86', '', '65.00'),
('1571618', 'Producto 87', '', '56.00'),
('1571625', 'Producto 88', '', '39.00'),
('1571632', 'Producto 89', '', '76.00'),
('1572288', 'Producto 90', '', '97.00'),
('1574930', 'Producto 91', '', '48.00'),
('1576804', 'Producto 92', '', '12.00'),
('1577146', 'Producto 93', '', '15.00'),
('1577245', 'Producto 94', '', '81.00'),
('1577252', 'Producto 95', '', '84.00'),
('1578457', 'Producto 96', '', '16.00'),
('1578464', 'Producto 97', '', '71.00'),
('1579300', 'Producto 98', '', '77.00'),
('1579379', 'Producto 99', '', '63.00'),
('1579898', 'Producto 100', '', '26.00'),
('1582430', 'Producto 101', '', '13.00'),
('1584373', 'Producto 102', '', '47.00'),
('1585226', 'Producto 103', '', '85.00'),
('1585233', 'Producto 104', '', '33.00'),
('1585257', 'Producto 105', '', '89.00'),
('1585295', 'Producto 106', '', '9.00'),
('1585301', 'Producto 107', '', '40.00'),
('1586919', 'Producto 108', '', '11.00'),
('1586940', 'Producto 109', '', '33.00'),
('1589217', 'Producto 110', '', '91.00'),
('1590442', 'Producto 111', '', '42.00'),
('1592613', 'Producto 112', '', '57.00'),
('1593238', 'Producto 113', '', '12.00'),
('1594433', 'Producto 114', '', '63.00'),
('1597069', 'Producto 115', '', '32.00'),
('1597939', 'Producto 116', '', '34.00'),
('1599407', 'Producto 117', '', '26.00'),
('1599438', 'Producto 118', '', '31.00'),
('1599575', 'Producto 119', '', '93.00'),
('1599599', 'Producto 120', '', '15.00'),
('1599605', 'Producto 121', '', '70.00'),
('1601551', 'Producto 122', '', '89.00'),
('1602022', 'Producto 123', '', '64.00'),
('1603654', 'Producto 124', '', '39.00'),
('1603708', 'Producto 125', '', '68.00'),
('1603968', 'Producto 126', '', '80.00'),
('1604262', 'Producto 127', '', '27.00'),
('1605191', 'Producto 128', '', '68.00'),
('1605412', 'Producto 129', '', '44.00'),
('1607744', 'Producto 130', '', '56.00'),
('1611734', 'Producto 131', '', '67.00'),
('1612250', 'Producto 132', '', '60.00'),
('1612335', 'Producto 133', '', '79.00'),
('1613011', 'Producto 134', '', '87.00'),
('1613172', 'Producto 135', '', '60.00'),
('1613202', 'Producto 136', '', '53.00'),
('1613981', 'Producto 137', '', '51.00'),
('1614339', 'Producto 138', '', '33.00'),
('1614346', 'Producto 139', '', '94.00'),
('1614605', 'Producto 140', '', '76.00'),
('1615008', 'Producto 141', '', '50.00'),
('1615855', 'Producto 142', '', '78.00'),
('1616470', 'Producto 143', '', '85.00'),
('1616487', 'Producto 144', '', '29.00'),
('1616784', 'Producto 145', '', '96.00'),
('1616791', 'Producto 146', '', '48.00'),
('1617033', 'Producto 147', '', '13.00'),
('1617552', 'Producto 148', '', '14.00'),
('1618368', 'Producto 149', '', '85.00'),
('1619617', 'Producto 150', '', '98.00'),
('1619624', 'Producto 151', '', '42.00'),
('1621825', 'Producto 152', '', '91.00'),
('1624772', 'Producto 153', '', '40.00'),
('1627247', 'Producto 154', '', '58.00'),
('1627971', 'Producto 155', '', '38.00'),
('1630452', 'Producto 156', '', '37.00'),
('1630698', 'Producto 157', '', '34.00'),
('1630810', 'Producto 158', '', '86.00'),
('1631725', 'Producto 159', '', '68.00'),
('1634290', 'Producto 160', '', '56.00'),
('1634931', 'Producto 161', '', '59.00'),
('1636744', 'Producto 162', '', '33.00'),
('1637369', 'Producto 163', '', '85.00'),
('1638601', 'Producto 164', '', '22.00'),
('1639752', 'Producto 165', '', '27.00'),
('1639769', 'Producto 166', '', '40.00'),
('1639998', 'Producto 167', '', '26.00'),
('1642370', 'Producto 168', '', '38.00'),
('1642844', 'Producto 169', '', '24.00'),
('1643056', 'Producto 170', '', '63.00'),
('1643094', 'Producto 171', '', '36.00'),
('1643322', 'Producto 172', '', '72.00'),
('1647054', 'Producto 173', '', '93.00'),
('1647153', 'Producto 174', '', '45.00'),
('1647245', 'Producto 175', '', '68.00'),
('1647993', 'Producto 176', '', '21.00'),
('1649164', 'Producto 177', '', '33.00'),
('1650979', 'Producto 178', '', '17.00'),
('1652539', 'Producto 179', '', '56.00'),
('1653376', 'Producto 180', '', '98.00'),
('1655936', 'Producto 181', '', '82.00'),
('1655950', 'Producto 182', '', '30.00'),
('1657152', 'Producto 183', '', '81.00'),
('1657169', 'Producto 184', '', '62.00'),
('1657732', 'Producto 185', '', '13.00'),
('1657749', 'Producto 186', '', '21.00'),
('1657756', 'Producto 187', '', '94.00'),
('1657763', 'Producto 188', '', '18.00'),
('1657770', 'Producto 189', '', '60.00'),
('1657909', 'Producto 190', '', '52.00'),
('1657947', 'Producto 191', '', '60.00'),
('1658142', 'Producto 192', '', '39.00'),
('1658319', 'Producto 193', '', '20.00'),
('1658913', 'Producto 194', '', '45.00'),
('1658920', 'Producto 195', '', '10.00'),
('1660015', 'Producto 196', '', '97.00'),
('1661494', 'Producto 197', '', '55.00'),
('1661807', 'Producto 198', '', '92.00'),
('1661883', 'Producto 199', '', '41.00'),
('1661890', 'Producto 200', '', '51.00'),
('1662033', 'Producto 201', '', '44.00'),
('1662217', 'Producto 202', '', '10.00'),
('1662927', 'Producto 203', '', '55.00'),
('1664204', 'Producto 204', '', '92.00'),
('1665386', 'Producto 205', '', '86.00'),
('1666536', 'Producto 206', '', '21.00'),
('1666727', 'Producto 207', '', '46.00'),
('1667014', 'Producto 208', '', '26.00'),
('1667915', 'Producto 209', '', '13.00'),
('1668011', 'Producto 210', '', '82.00'),
('1668653', 'Producto 211', '', '53.00'),
('1669087', 'Producto 212', '', '32.00'),
('1669421', 'Producto 213', '', '62.00'),
('1671448', 'Producto 214', '', '44.00'),
('1671462', 'Producto 215', '', '98.00'),
('1673299', 'Producto 216', '', '67.00'),
('1673480', 'Producto 217', '', '84.00'),
('1674272', 'Producto 218', '', '62.00'),
('1674289', 'Producto 219', '', '81.00'),
('1677310', 'Producto 220', '', '60.00'),
('1678133', 'Producto 221', '', '44.00'),
('1678218', 'Producto 222', '', '31.00'),
('1678348', 'Producto 223', '', '55.00'),
('1679215', 'Producto 224', '', '61.00'),
('1680501', 'Producto 225', '', '96.00'),
('1682758', 'Producto 226', '', '28.00'),
('1683304', 'Producto 227', '', '33.00'),
('1683571', 'Producto 228', '', '65.00'),
('1683724', 'Producto 229', '', '99.00'),
('1684264', 'Producto 230', '', '53.00'),
('1685940', 'Producto 231', '', '82.00'),
('1685957', 'Producto 232', '', '74.00'),
('1686282', 'Producto 233', '', '89.00'),
('1687005', 'Producto 234', '', '91.00'),
('1687234', 'Producto 235', '', '63.00'),
('1688552', 'Producto 236', '', '98.00'),
('1689726', 'Producto 237', '', '63.00'),
('1690166', 'Producto 238', '', '27.00'),
('1690180', 'Producto 239', '', '18.00'),
('1690623', 'Producto 240', '', '22.00'),
('1690630', 'Producto 241', '', '60.00'),
('1690654', 'Producto 242', '', '50.00'),
('1690814', 'Producto 243', '', '29.00'),
('1691002', 'Producto 244', '', '96.00'),
('1691293', 'Producto 245', '', '82.00'),
('1692498', 'Producto 246', '', '63.00'),
('1692702', 'Producto 247', '', '16.00'),
('1692832', 'Producto 248', '', '87.00'),
('1692856', 'Producto 249', '', '11.00'),
('1695420', 'Producto 250', '', '90.00'),
('1696076', 'Producto 251', '', '16.00'),
('1696731', 'Producto 252', '', '67.00'),
('1698841', 'Producto 253', '', '11.00'),
('1700766', 'Producto 254', '', '40.00'),
('1700971', 'Producto 255', '', '80.00'),
('1701411', 'Producto 256', '', '43.00'),
('1701770', 'Producto 257', '', '29.00'),
('1701855', 'Producto 258', '', '73.00'),
('1702012', 'Producto 259', '', '37.00'),
('1704887', 'Producto 260', '', '77.00'),
('1704894', 'Producto 261', '', '45.00'),
('1705907', 'Producto 262', '', '86.00'),
('1706010', 'Producto 263', '', '84.00'),
('1708601', 'Producto 264', '', '17.00'),
('1708687', 'Producto 265', '', '95.00'),
('1708922', 'Producto 266', '', '30.00'),
('1709943', 'Producto 267', '', '95.00'),
('1710352', 'Producto 268', '', '35.00'),
('1711441', 'Producto 269', '', '33.00'),
('1712301', 'Producto 966', '', '62.00'),
('1712363', 'Producto 967', '', '23.00'),
('1712486', 'Producto 968', '', '11.00'),
('1712622', 'Producto 969', '', '35.00'),
('1713247', 'Producto 970', '', '69.00'),
('1713254', 'Producto 971', '', '30.00'),
('1713636', 'Producto 270', '', '20.00'),
('1713865', 'Producto 972', '', '33.00'),
('1714398', 'Producto 973', '', '99.00'),
('1715197', 'Producto 974', '', '85.00'),
('1716811', 'Producto 975', '', '48.00'),
('1716835', 'Producto 976', '', '44.00'),
('1717146', 'Producto 271', '', '20.00'),
('1718471', 'Producto 977', '', '72.00'),
('1719089', 'Producto 978', '', '68.00'),
('1719096', 'Producto 979', '', '55.00'),
('1719942', 'Producto 980', '', '79.00'),
('1720276', 'Producto 981', '', '58.00'),
('1720474', 'Producto 982', '', '62.00'),
('1721297', 'Producto 983', '', '93.00'),
('1724052', 'Producto 984', '', '93.00'),
('1725974', 'Producto 985', '', '46.00'),
('1726032', 'Producto 986', '', '57.00'),
('1727565', 'Producto 987', '', '15.00'),
('1727794', 'Producto 988', '', '76.00'),
('1730503', 'Producto 989', '', '33.00'),
('1730510', 'Producto 990', '', '41.00'),
('1731074', 'Producto 991', '', '56.00'),
('1731081', 'Producto 272', '', '49.00'),
('1731098', 'Producto 273', '', '36.00'),
('1731104', 'Producto 274', '', '29.00'),
('1731890', 'Producto 275', '', '37.00'),
('1731913', 'Producto 276', '', '20.00'),
('1732170', 'Producto 277', '', '73.00'),
('1733375', 'Producto 278', '', '14.00'),
('1733467', 'Producto 279', '', '34.00'),
('1733917', 'Producto 280', '', '29.00'),
('1733924', 'Producto 281', '', '69.00'),
('1733962', 'Producto 282', '', '16.00'),
('1733979', 'Producto 283', '', '19.00'),
('1734099', 'Producto 284', '', '85.00'),
('1734112', 'Producto 285', '', '48.00'),
('1740168', 'Producto 286', '', '48.00'),
('1740250', 'Producto 287', '', '68.00'),
('1740304', 'Producto 288', '', '34.00'),
('1740410', 'Producto 289', '', '75.00'),
('1741257', 'Producto 290', '', '30.00'),
('1741578', 'Producto 291', '', '79.00'),
('1741646', 'Producto 292', '', '91.00'),
('1741660', 'Producto 293', '', '91.00'),
('1742933', 'Producto 294', '', '91.00'),
('1747266', 'Producto 295', '', '50.00'),
('1748324', 'Producto 296', '', '25.00'),
('1751348', 'Producto 297', '', '56.00'),
('1754691', 'Producto 298', '', '13.00'),
('1755780', 'Producto 299', '', '52.00'),
('1756978', 'Producto 300', '', '72.00'),
('1757197', 'Producto 301', '', '70.00'),
('1757678', 'Producto 302', '', '61.00'),
('1758248', 'Producto 303', '', '45.00'),
('1759238', 'Producto 304', '', '69.00'),
('1760111', 'Producto 305', '', '97.00'),
('1760807', 'Producto 306', '', '73.00'),
('1761088', 'Producto 307', '', '30.00'),
('1761156', 'Producto 308', '', '51.00'),
('1761231', 'Producto 309', '', '53.00'),
('1761262', 'Producto 310', '', '63.00'),
('1762962', 'Producto 311', '', '50.00'),
('1762986', 'Producto 312', '', '78.00'),
('1763341', 'Producto 313', '', '45.00'),
('1763358', 'Producto 314', '', '37.00'),
('1763440', 'Producto 315', '', '27.00'),
('1763518', 'Producto 316', '', '36.00'),
('1763730', 'Producto 317', '', '67.00'),
('1763938', 'Producto 318', '', '26.00'),
('1764782', 'Producto 319', '', '22.00'),
('1765857', 'Producto 320', '', '50.00'),
('1765871', 'Producto 321', '', '58.00'),
('1766212', 'Producto 322', '', '12.00'),
('1768582', 'Producto 323', '', '82.00'),
('1771612', 'Producto 324', '', '45.00'),
('1771742', 'Producto 325', '', '23.00'),
('1772787', 'Producto 326', '', '60.00'),
('1773111', 'Producto 327', '', '82.00'),
('1774835', 'Producto 328', '', '84.00'),
('1776990', 'Producto 329', '', '65.00'),
('1777348', 'Producto 330', '', '78.00'),
('1777782', 'Producto 331', '', '26.00'),
('1778215', 'Producto 332', '', '52.00'),
('1780270', 'Producto 333', '', '87.00'),
('1781918', 'Producto 334', '', '36.00'),
('1781994', 'Producto 335', '', '74.00'),
('1782762', 'Producto 336', '', '48.00'),
('1782823', 'Producto 337', '', '48.00'),
('1784087', 'Producto 338', '', '75.00'),
('1784650', 'Producto 339', '', '39.00'),
('1788405', 'Producto 340', '', '39.00'),
('1789228', 'Producto 341', '', '90.00'),
('1789631', 'Producto 342', '', '40.00'),
('1791948', 'Producto 343', '', '50.00'),
('1792044', 'Producto 344', '', '92.00'),
('1793263', 'Producto 345', '', '89.00'),
('1794611', 'Producto 346', '', '91.00'),
('1794628', 'Producto 347', '', '40.00'),
('1795137', 'Producto 348', '', '98.00'),
('1796387', 'Producto 349', '', '56.00'),
('1796493', 'Producto 350', '', '98.00'),
('1796516', 'Producto 351', '', '40.00'),
('1796547', 'Producto 352', '', '75.00'),
('1798541', 'Producto 353', '', '14.00'),
('1798879', 'Producto 354', '', '30.00'),
('1803016', 'Producto 355', '', '33.00'),
('1804648', 'Producto 356', '', '70.00'),
('1804655', 'Producto 357', '', '25.00'),
('1804662', 'Producto 358', '', '29.00'),
('1806475', 'Producto 359', '', '67.00'),
('1807991', 'Producto 360', '', '40.00'),
('1808523', 'Producto 361', '', '53.00'),
('1808530', 'Producto 362', '', '61.00'),
('1808547', 'Producto 363', '', '71.00'),
('1808936', 'Producto 364', '', '32.00'),
('1809001', 'Producto 365', '', '74.00'),
('1814784', 'Producto 366', '', '70.00'),
('1815705', 'Producto 367', '', '10.00'),
('1815989', 'Producto 368', '', '81.00'),
('1816597', 'Producto 369', '', '94.00'),
('1816658', 'Producto 370', '', '18.00'),
('1817150', 'Producto 371', '', '83.00'),
('1818515', 'Producto 372', '', '77.00'),
('1818584', 'Producto 373', '', '80.00'),
('1818645', 'Producto 374', '', '30.00'),
('1821003', 'Producto 375', '', '37.00'),
('1822727', 'Producto 376', '', '34.00'),
('1826244', 'Producto 377', '', '13.00'),
('1826428', 'Producto 378', '', '98.00'),
('1827203', 'Producto 379', '', '10.00'),
('1829658', 'Producto 380', '', '84.00'),
('1829801', 'Producto 381', '', '56.00'),
('1829986', 'Producto 382', '', '56.00'),
('1831590', 'Producto 383', '', '47.00'),
('1831644', 'Producto 384', '', '22.00'),
('1832177', 'Producto 385', '', '79.00'),
('1832191', 'Producto 386', '', '65.00'),
('1832924', 'Producto 387', '', '82.00'),
('1833136', 'Producto 388', '', '44.00'),
('1836472', 'Producto 389', '', '25.00'),
('1837882', 'Producto 390', '', '60.00'),
('1838384', 'Producto 391', '', '13.00'),
('1838902', 'Producto 392', '', '42.00'),
('1839060', 'Producto 393', '', '59.00'),
('1842169', 'Producto 394', '', '79.00'),
('1843128', 'Producto 395', '', '57.00'),
('1843340', 'Producto 396', '', '28.00'),
('1847010', 'Producto 397', '', '61.00'),
('1847171', 'Producto 398', '', '45.00'),
('1847188', 'Producto 399', '', '44.00'),
('1847553', 'Producto 400', '', '17.00'),
('1847690', 'Producto 401', '', '59.00'),
('1847713', 'Producto 402', '', '38.00'),
('1847720', 'Producto 403', '', '37.00'),
('1847737', 'Producto 404', '', '79.00'),
('1848376', 'Producto 405', '', '12.00'),
('1849335', 'Producto 406', '', '12.00'),
('1849410', 'Producto 407', '', '86.00'),
('1851574', 'Producto 408', '', '32.00'),
('1851734', 'Producto 409', '', '70.00'),
('1854155', 'Producto 410', '', '60.00'),
('1854841', 'Producto 411', '', '20.00'),
('1854971', 'Producto 412', '', '64.00'),
('1855107', 'Producto 413', '', '33.00'),
('1855374', 'Producto 414', '', '94.00'),
('1856517', 'Producto 415', '', '84.00'),
('1858252', 'Producto 416', '', '73.00'),
('1858627', 'Producto 417', '', '64.00'),
('1860170', 'Producto 418', '', '67.00'),
('1861368', 'Producto 419', '', '67.00'),
('1863744', 'Producto 420', '', '20.00'),
('1864383', 'Producto 421', '', '21.00'),
('1864659', 'Producto 422', '', '20.00'),
('1865007', 'Producto 423', '', '55.00'),
('1866042', 'Producto 424', '', '23.00'),
('1867025', 'Producto 425', '', '31.00'),
('1867827', 'Producto 426', '', '10.00'),
('1869388', 'Producto 427', '', '58.00'),
('1870179', 'Producto 428', '', '84.00'),
('1870506', 'Producto 429', '', '73.00'),
('1871640', 'Producto 430', '', '69.00'),
('1871824', 'Producto 431', '', '70.00'),
('1872043', 'Producto 432', '', '65.00'),
('1872050', 'Producto 433', '', '98.00'),
('1872098', 'Producto 434', '', '11.00'),
('1872104', 'Producto 435', '', '78.00'),
('1872135', 'Producto 436', '', '63.00'),
('1872166', 'Producto 437', '', '94.00'),
('1872180', 'Producto 438', '', '74.00'),
('1872203', 'Producto 439', '', '26.00'),
('1872210', 'Producto 440', '', '76.00'),
('1872470', 'Producto 441', '', '83.00'),
('1872739', 'Producto 442', '', '36.00'),
('1876515', 'Producto 443', '', '18.00'),
('1879042', 'Producto 444', '', '84.00'),
('1879585', 'Producto 445', '', '83.00'),
('1881274', 'Producto 446', '', '83.00'),
('1881540', 'Producto 447', '', '83.00'),
('1884152', 'Producto 448', '', '99.00'),
('1884169', 'Producto 449', '', '19.00'),
('1884206', 'Producto 450', '', '11.00'),
('1884657', 'Producto 451', '', '12.00'),
('1886361', 'Producto 452', '', '82.00'),
('1892430', 'Producto 453', '', '49.00'),
('1892591', 'Producto 454', '', '49.00'),
('1893185', 'Producto 455', '', '33.00'),
('1894342', 'Producto 456', '', '87.00'),
('1895578', 'Producto 457', '', '62.00'),
('1895844', 'Producto 458', '', '87.00'),
('1895868', 'Producto 459', '', '32.00'),
('1897039', 'Producto 460', '', '51.00'),
('1897343', 'Producto 461', '', '87.00'),
('1897350', 'Producto 462', '', '19.00'),
('1902313', 'Producto 463', '', '30.00'),
('1903327', 'Producto 464', '', '95.00'),
('1905369', 'Producto 465', '', '51.00'),
('1907288', 'Producto 466', '', '32.00'),
('1908247', 'Producto 467', '', '47.00'),
('1908285', 'Producto 468', '', '68.00'),
('1910080', 'Producto 469', '', '96.00'),
('1910097', 'Producto 470', '', '87.00'),
('1912565', 'Producto 471', '', '90.00'),
('1914569', 'Producto 472', '', '78.00'),
('1915153', 'Producto 473', '', '82.00'),
('1915504', 'Producto 474', '', '49.00'),
('1917850', 'Producto 475', '', '67.00'),
('1918260', 'Producto 476', '', '42.00'),
('1919731', 'Producto 477', '', '23.00'),
('1921932', 'Producto 478', '', '56.00'),
('1922298', 'Producto 479', '', '96.00'),
('1922946', 'Producto 480', '', '92.00'),
('1923776', 'Producto 481', '', '16.00'),
('1923936', 'Producto 482', '', '13.00'),
('1925268', 'Producto 483', '', '84.00'),
('1925664', 'Producto 484', '', '42.00'),
('1925725', 'Producto 485', '', '43.00'),
('1925732', 'Producto 486', '', '32.00'),
('1925954', 'Producto 487', '', '26.00'),
('1927170', 'Producto 488', '', '86.00'),
('1929174', 'Producto 489', '', '21.00'),
('1929181', 'Producto 490', '', '94.00'),
('1930743', 'Producto 491', '', '33.00'),
('1930989', 'Producto 492', '', '35.00'),
('1933034', 'Producto 493', '', '39.00'),
('1934086', 'Producto 494', '', '71.00'),
('1934109', 'Producto 495', '', '76.00'),
('1934130', 'Producto 496', '', '97.00'),
('1935625', 'Producto 497', '', '54.00'),
('1935915', 'Producto 498', '', '91.00'),
('1940100', 'Producto 499', '', '66.00'),
('1940247', 'Producto 500', '', '62.00'),
('1940513', 'Producto 501', '', '81.00'),
('1942579', 'Producto 502', '', '10.00'),
('1943453', 'Producto 503', '', '15.00'),
('1945259', 'Producto 504', '', '26.00'),
('1948519', 'Producto 505', '', '36.00'),
('1948595', 'Producto 506', '', '11.00'),
('1949608', 'Producto 507', '', '15.00'),
('1950925', 'Producto 508', '', '69.00'),
('1951960', 'Producto 509', '', '47.00'),
('1952387', 'Producto 510', '', '47.00'),
('1952400', 'Producto 511', '', '47.00'),
('1952776', 'Producto 512', '', '62.00'),
('1953254', 'Producto 513', '', '96.00'),
('1953308', 'Producto 514', '', '33.00'),
('1953841', 'Producto 515', '', '50.00'),
('1954091', 'Producto 516', '', '52.00'),
('1954657', 'Producto 517', '', '89.00'),
('1954671', 'Producto 518', '', '73.00'),
('1954688', 'Producto 519', '', '89.00'),
('1954800', 'Producto 520', '', '54.00'),
('1954817', 'Producto 521', '', '38.00'),
('1956385', 'Producto 522', '', '19.00'),
('1959140', 'Producto 523', '', '30.00'),
('1960252', 'Producto 524', '', '14.00'),
('1963604', 'Producto 525', '', '48.00'),
('1963789', 'Producto 526', '', '75.00'),
('1969637', 'Producto 527', '', '99.00'),
('1970565', 'Producto 528', '', '79.00'),
('1971920', 'Producto 529', '', '37.00'),
('1974051', 'Producto 530', '', '32.00'),
('1977762', 'Producto 531', '', '40.00'),
('1979957', 'Producto 532', '', '39.00'),
('1980052', 'Producto 533', '', '70.00'),
('1984142', 'Producto 534', '', '54.00'),
('1990495', 'Producto 535', '', '43.00'),
('1995285', 'Producto 536', '', '22.00'),
('1995292', 'Producto 537', '', '37.00'),
('1995766', 'Producto 538', '', '14.00'),
('1996589', 'Producto 539', '', '11.00'),
('1998439', 'Producto 540', '', '84.00'),
('2', 'Producto 2', '', '5.00'),
('2000698', 'Producto 541', '', '15.00'),
('2002722', 'Producto 542', '', '89.00'),
('2005372', 'Producto 543', '', '26.00'),
('2005990', 'Producto 544', '', '51.00'),
('2006102', 'Producto 545', '', '69.00'),
('2016279', 'Producto 546', '', '92.00'),
('2027282', 'Producto 547', '', '9.00'),
('2031333', 'Producto 548', '', '72.00'),
('2037175', 'Producto 549', '', '92.00'),
('2047037', 'Producto 550', '', '10.00'),
('2050211', 'Producto 551', '', '86.00'),
('2051201', 'Producto 552', '', '92.00'),
('2052017', 'Producto 553', '', '73.00'),
('2056336', 'Producto 554', '', '91.00'),
('2061934', 'Producto 555', '', '38.00'),
('2063754', 'Producto 556', '', '95.00'),
('2068964', 'Producto 557', '', '91.00'),
('2071599', 'Producto 558', '', '73.00'),
('2083974', 'Producto 559', '', '61.00'),
('2084964', 'Producto 560', '', '97.00'),
('2088351', 'Producto 561', '', '81.00'),
('2095144', 'Producto 562', '', '16.00'),
('2096271', 'Producto 563', '', '99.00'),
('2097001', 'Producto 564', '', '92.00'),
('2098411', 'Producto 565', '', '19.00'),
('2098589', 'Producto 566', '', '79.00'),
('2105782', 'Producto 567', '', '17.00'),
('2107168', 'Producto 568', '', '48.00'),
('2107403', 'Producto 569', '', '86.00'),
('2112193', 'Producto 570', '', '26.00'),
('2112506', 'Producto 571', '', '66.00'),
('2117303', 'Producto 572', '', '85.00'),
('2141223', 'Producto 573', '', '18.00'),
('2148413', 'Producto 574', '', '21.00'),
('2170254', 'Producto 575', '', '60.00'),
('2182790', 'Producto 576', '', '77.00'),
('2197749', 'Producto 577', '', '79.00'),
('2197831', 'Producto 578', '', '99.00'),
('2213821', 'Producto 579', '', '73.00'),
('2215498', 'Producto 580', '', '17.00'),
('2217478', 'Producto 581', '', '83.00'),
('2218796', 'Producto 582', '', '81.00'),
('2272729', 'Producto 583', '', '65.00'),
('2294196', 'Producto 584', '', '20.00'),
('2302297', 'Producto 585', '', '48.00'),
('2302433', 'Producto 586', '', '41.00'),
('2306653', 'Producto 587', '', '80.00'),
('2306660', 'Producto 588', '', '30.00'),
('2318786', 'Producto 589', '', '42.00'),
('2323575', 'Producto 590', '', '81.00'),
('2327771', 'Producto 591', '', '46.00'),
('2328761', 'Producto 592', '', '47.00'),
('2335363', 'Producto 593', '', '65.00'),
('2336117', 'Producto 594', '', '52.00'),
('2336124', 'Producto 595', '', '38.00'),
('2336131', 'Producto 596', '', '96.00'),
('2336148', 'Producto 597', '', '94.00'),
('2336179', 'Producto 598', '', '62.00'),
('2347915', 'Producto 599', '', '26.00'),
('2352421', 'Producto 600', '', '75.00'),
('2355071', 'Producto 601', '', '27.00'),
('2379909', 'Producto 602', '', '57.00'),
('2380141', 'Producto 603', '', '22.00'),
('2384934', 'Producto 604', '', '75.00'),
('2388086', 'Producto 605', '', '83.00'),
('2395749', 'Producto 606', '', '28.00'),
('2396937', 'Producto 607', '', '85.00'),
('2397989', 'Producto 608', '', '34.00'),
('2399624', 'Producto 609', '', '69.00'),
('2402188', 'Producto 610', '', '47.00'),
('2402423', 'Producto 611', '', '86.00'),
('2405158', 'Producto 612', '', '31.00'),
('2409521', 'Producto 613', '', '94.00'),
('2410008', 'Producto 614', '', '33.00'),
('2427921', 'Producto 615', '', '95.00'),
('2428188', 'Producto 616', '', '24.00'),
('2428423', 'Producto 617', '', '45.00'),
('2428591', 'Producto 618', '', '96.00'),
('2429253', 'Producto 619', '', '70.00'),
('2429666', 'Producto 620', '', '60.00'),
('2429901', 'Producto 621', '', '10.00'),
('2431706', 'Producto 622', '', '75.00'),
('2440463', 'Producto 623', '', '83.00'),
('2453326', 'Producto 624', '', '46.00'),
('2453654', 'Producto 625', '', '11.00'),
('2457614', 'Producto 626', '', '77.00'),
('2461161', 'Producto 627', '', '28.00'),
('2473539', 'Producto 628', '', '62.00'),
('2482944', 'Producto 629', '', '89.00'),
('2485266', 'Producto 630', '', '81.00'),
('2487352', 'Producto 631', '', '16.00'),
('2491038', 'Producto 632', '', '10.00'),
('2511972', 'Producto 633', '', '50.00'),
('2523463', 'Producto 634', '', '16.00'),
('2530249', 'Producto 635', '', '29.00'),
('2530287', 'Producto 636', '', '41.00'),
('2531536', 'Producto 637', '', '64.00'),
('2556812', 'Producto 638', '', '28.00'),
('2565531', 'Producto 639', '', '37.00'),
('2582361', 'Producto 640', '', '78.00'),
('2586659', 'Producto 641', '', '27.00'),
('2594081', 'Producto 642', '', '29.00'),
('2595729', 'Producto 643', '', '60.00'),
('2627741', 'Producto 644', '', '82.00'),
('2642379', 'Producto 645', '', '10.00'),
('2651678', 'Producto 646', '', '17.00'),
('2663381', 'Producto 647', '', '60.00'),
('2674356', 'Producto 648', '', '33.00'),
('2683679', 'Producto 649', '', '84.00'),
('2684096', 'Producto 650', '', '38.00'),
('2692091', 'Producto 651', '', '23.00'),
('2692664', 'Producto 652', '', '92.00'),
('2693098', 'Producto 653', '', '22.00'),
('2697614', 'Producto 654', '', '46.00'),
('2698604', 'Producto 655', '', '17.00'),
('2699236', 'Producto 656', '', '92.00'),
('2699694', 'Producto 657', '', '87.00'),
('2777316', 'Producto 658', '', '49.00'),
('2885141', 'Producto 659', '', '28.00'),
('2918726', 'Producto 660', '', '32.00'),
('3', 'Producto 3', '', '94.00'),
('3000611', 'Producto 661', '', '33.00'),
('3002363', 'Producto 662', '', '59.00'),
('3002936', 'Producto 663', '', '66.00'),
('3003193', 'Producto 664', '', '68.00'),
('3004671', 'Producto 665', '', '42.00'),
('3008303', 'Producto 666', '', '42.00'),
('3008488', 'Producto 667', '', '99.00'),
('3014403', 'Producto 668', '', '65.00'),
('3023399', 'Producto 669', '', '18.00'),
('3040556', 'Producto 670', '', '63.00'),
('3042611', 'Producto 671', '', '17.00'),
('3059794', 'Producto 672', '', '60.00'),
('3076241', 'Producto 673', '', '17.00'),
('3087575', 'Producto 674', '', '26.00'),
('3096669', 'Producto 675', '', '85.00'),
('3099226', 'Producto 676', '', '15.00'),
('3109956', 'Producto 677', '', '85.00'),
('3123716', 'Producto 678', '', '49.00'),
('3139403', 'Producto 679', '', '13.00'),
('3139991', 'Producto 680', '', '92.00'),
('3140218', 'Producto 681', '', '34.00'),
('3152532', 'Producto 682', '', '94.00'),
('3156639', 'Producto 683', '', '42.00'),
('3158046', 'Producto 684', '', '23.00'),
('3169271', 'Producto 685', '', '24.00'),
('3183604', 'Producto 686', '', '91.00'),
('3201018', 'Producto 687', '', '38.00'),
('3212816', 'Producto 688', '', '77.00'),
('3217378', 'Producto 689', '', '29.00'),
('3226363', 'Producto 690', '', '25.00'),
('3239233', 'Producto 691', '', '46.00'),
('3264877', 'Producto 692', '', '57.00'),
('3266116', 'Producto 693', '', '42.00'),
('3269032', 'Producto 694', '', '11.00'),
('3273046', 'Producto 695', '', '61.00'),
('3303811', 'Producto 696', '', '24.00'),
('3306713', 'Producto 697', '', '87.00'),
('3306966', 'Producto 698', '', '82.00'),
('3308946', 'Producto 699', '', '66.00'),
('3310666', 'Producto 700', '', '89.00'),
('3311328', 'Producto 701', '', '79.00'),
('3318273', 'Producto 702', '', '47.00'),
('3333771', 'Producto 703', '', '75.00'),
('3335188', 'Producto 704', '', '22.00'),
('3335911', 'Producto 705', '', '58.00'),
('3341851', 'Producto 706', '', '76.00'),
('3360166', 'Producto 707', '', '99.00'),
('3366106', 'Producto 708', '', '66.00'),
('3366366', 'Producto 709', '', '34.00'),
('3378734', 'Producto 710', '', '80.00'),
('3379199', 'Producto 711', '', '33.00'),
('3398206', 'Producto 712', '', '93.00'),
('3402088', 'Producto 713', '', '50.00'),
('3406581', 'Producto 714', '', '36.00'),
('3422611', 'Producto 715', '', '92.00'),
('3428651', 'Producto 716', '', '40.00'),
('3429528', 'Producto 717', '', '76.00'),
('3429535', 'Producto 718', '', '88.00'),
('3441438', 'Producto 719', '', '86.00'),
('3441902', 'Producto 720', '', '57.00'),
('3452601', 'Producto 721', '', '81.00'),
('3466509', 'Producto 722', '', '23.00'),
('3467674', 'Producto 723', '', '80.00'),
('3468725', 'Producto 724', '', '99.00'),
('3481434', 'Producto 725', '', '79.00'),
('3484411', 'Producto 726', '', '62.00'),
('3484589', 'Producto 727', '', '63.00'),
('3485593', 'Producto 728', '', '42.00'),
('3488211', 'Producto 729', '', '12.00'),
('3497879', 'Producto 730', '', '75.00'),
('3502016', 'Producto 731', '', '23.00'),
('3502689', 'Producto 732', '', '86.00'),
('3516013', 'Producto 733', '', '42.00'),
('3542258', 'Producto 734', '', '14.00'),
('3547048', 'Producto 735', '', '32.00'),
('3559096', 'Producto 736', '', '53.00'),
('3567091', 'Producto 737', '', '55.00'),
('3588201', 'Producto 738', '', '95.00'),
('3599436', 'Producto 739', '', '19.00'),
('3604048', 'Producto 740', '', '43.00'),
('3615761', 'Producto 741', '', '34.00'),
('3624428', 'Producto 742', '', '28.00'),
('3638876', 'Producto 743', '', '24.00'),
('3659574', 'Producto 744', '', '11.00'),
('3697026', 'Producto 745', '', '41.00'),
('3707343', 'Producto 746', '', '47.00'),
('3720113', 'Producto 747', '', '41.00'),
('3731751', 'Producto 748', '', '27.00'),
('3742726', 'Producto 749', '', '35.00'),
('3764186', 'Producto 750', '', '29.00'),
('3769884', 'Producto 751', '', '27.00'),
('3770446', 'Producto 752', '', '28.00'),
('3788021', 'Producto 753', '', '32.00'),
('3793544', 'Producto 754', '', '30.00'),
('3795296', 'Producto 755', '', '33.00'),
('3821278', 'Producto 756', '', '10.00'),
('3828871', 'Producto 757', '', '86.00'),
('3830188', 'Producto 758', '', '20.00'),
('3831338', 'Producto 759', '', '27.00'),
('3836876', 'Producto 760', '', '98.00'),
('3837033', 'Producto 761', '', '52.00'),
('3839198', 'Producto 762', '', '74.00'),
('3839501', 'Producto 763', '', '41.00'),
('3839686', 'Producto 764', '', '69.00'),
('3839921', 'Producto 765', '', '65.00'),
('3846776', 'Producto 766', '', '29.00'),
('3848008', 'Producto 767', '', '77.00'),
('3860031', 'Producto 768', '', '51.00'),
('3880589', 'Producto 769', '', '88.00'),
('3918473', 'Producto 770', '', '25.00'),
('3926881', 'Producto 771', '', '47.00'),
('3936033', 'Producto 772', '', '44.00'),
('3954914', 'Producto 773', '', '41.00'),
('3956321', 'Producto 774', '', '90.00'),
('3956406', 'Producto 775', '', '55.00'),
('3968799', 'Producto 776', '', '98.00'),
('3968874', 'Producto 777', '', '22.00'),
('3989091', 'Producto 778', '', '27.00'),
('3994934', 'Producto 779', '', '31.00'),
('3997744', 'Producto 780', '', '88.00'),
('4000818', 'Producto 781', '', '39.00'),
('4000849', 'Producto 782', '', '30.00'),
('4178579', 'Producto 783', '', '72.00'),
('4178654', 'Producto 784', '', '54.00'),
('4349771', 'Producto 785', '', '90.00'),
('4349856', 'Producto 786', '', '84.00'),
('4349931', 'Producto 787', '', '69.00'),
('4410976', 'Producto 788', '', '84.00'),
('4411058', 'Producto 789', '', '60.00'),
('4425741', 'Producto 790', '', '87.00'),
('4426656', 'Producto 791', '', '16.00'),
('4519891', 'Producto 792', '', '97.00'),
('4540666', 'Producto 793', '', '60.00'),
('4558326', 'Producto 794', '', '62.00'),
('4562514', 'Producto 795', '', '9.00'),
('4597929', 'Producto 796', '', '63.00'),
('4598186', 'Producto 797', '', '44.00'),
('4602616', 'Producto 798', '', '9.00'),
('4602951', 'Producto 799', '', '16.00'),
('4604283', 'Producto 800', '', '51.00'),
('4611861', 'Producto 801', '', '83.00'),
('4616811', 'Producto 802', '', '45.00'),
('4617153', 'Producto 803', '', '36.00'),
('4625073', 'Producto 804', '', '58.00'),
('4625158', 'Producto 805', '', '37.00'),
('4625981', 'Producto 806', '', '57.00'),
('4633313', 'Producto 807', '', '46.00'),
('4633498', 'Producto 808', '', '22.00'),
('4639926', 'Producto 809', '', '45.00'),
('4640083', 'Producto 810', '', '12.00'),
('4640243', 'Producto 811', '', '72.00'),
('4640656', 'Producto 812', '', '93.00'),
('4648836', 'Producto 813', '', '90.00'),
('4648911', 'Producto 814', '', '24.00'),
('4694529', 'Producto 815', '', '39.00'),
('4694604', 'Producto 816', '', '12.00'),
('4701128', 'Producto 817', '', '23.00'),
('4701203', 'Producto 818', '', '17.00'),
('4701388', 'Producto 819', '', '37.00'),
('4712438', 'Producto 820', '', '16.00'),
('4712766', 'Producto 821', '', '32.00'),
('4714258', 'Producto 822', '', '64.00'),
('4714821', 'Producto 823', '', '47.00'),
('4715163', 'Producto 824', '', '33.00'),
('4715408', 'Producto 825', '', '90.00'),
('4715736', 'Producto 826', '', '75.00'),
('4716153', 'Producto 827', '', '51.00'),
('4719208', 'Producto 828', '', '9.00'),
('4726626', 'Producto 829', '', '68.00'),
('4726701', 'Producto 830', '', '20.00'),
('4728293', 'Producto 831', '', '86.00'),
('4730906', 'Producto 832', '', '88.00'),
('4731088', 'Producto 833', '', '83.00'),
('4749731', 'Producto 834', '', '15.00'),
('4761764', 'Producto 835', '', '40.00'),
('4762426', 'Producto 836', '', '52.00'),
('4762679', 'Producto 837', '', '78.00'),
('4762839', 'Producto 838', '', '88.00'),
('4765809', 'Producto 839', '', '26.00'),
('4783216', 'Producto 840', '', '10.00'),
('4783889', 'Producto 841', '', '65.00'),
('4784879', 'Producto 842', '', '68.00'),
('4792041', 'Producto 843', '', '95.00'),
('4795011', 'Producto 844', '', '84.00'),
('4800876', 'Producto 845', '', '52.00'),
('4809541', 'Producto 846', '', '14.00'),
('4809701', 'Producto 847', '', '66.00'),
('4821581', 'Producto 848', '', '69.00'),
('4821741', 'Producto 849', '', '32.00'),
('4831641', 'Producto 850', '', '16.00'),
('4833218', 'Producto 851', '', '15.00'),
('4834048', 'Producto 852', '', '32.00'),
('4841626', 'Producto 853', '', '91.00'),
('4841886', 'Producto 854', '', '96.00'),
('4841961', 'Producto 855', '', '88.00'),
('4843033', 'Producto 856', '', '43.00'),
('4843118', 'Producto 857', '', '86.00'),
('4843378', 'Producto 858', '', '30.00'),
('4843781', 'Producto 859', '', '16.00'),
('4848816', 'Producto 860', '', '63.00'),
('4849721', 'Producto 861', '', '85.00'),
('4851281', 'Producto 862', '', '93.00'),
('4851854', 'Producto 863', '', '77.00'),
('4863161', 'Producto 864', '', '32.00'),
('4863246', 'Producto 865', '', '85.00'),
('4863321', 'Producto 866', '', '51.00'),
('4864984', 'Producto 867', '', '51.00'),
('4865301', 'Producto 868', '', '54.00'),
('4871654', 'Producto 869', '', '75.00'),
('4871739', 'Producto 870', '', '47.00'),
('4873221', 'Producto 871', '', '52.00'),
('4884869', 'Producto 872', '', '89.00'),
('4888256', 'Producto 873', '', '94.00'),
('4888669', 'Producto 874', '', '77.00'),
('4892789', 'Producto 875', '', '80.00'),
('4893694', 'Producto 876', '', '58.00'),
('4907483', 'Producto 877', '', '20.00'),
('4910926', 'Producto 878', '', '21.00'),
('4921168', 'Producto 879', '', '36.00'),
('4921328', 'Producto 880', '', '24.00'),
('4930801', 'Producto 881', '', '59.00'),
('4939576', 'Producto 882', '', '15.00'),
('4943856', 'Producto 883', '', '47.00'),
('4944013', 'Producto 884', '', '99.00'),
('4944198', 'Producto 885', '', '11.00'),
('4963564', 'Producto 886', '', '74.00'),
('4967784', 'Producto 887', '', '18.00'),
('4976939', 'Producto 888', '', '54.00'),
('4988246', 'Producto 889', '', '68.00'),
('4988406', 'Producto 890', '', '41.00'),
('6504697', 'Producto 891', '', '72.00'),
('6530412', 'Producto 892', '', '71.00'),
('6536070', 'Producto 893', '', '21.00'),
('6543528', 'Producto 894', '', '34.00'),
('6597132', 'Producto 895', '', '32.00'),
('6597880', 'Producto 896', '', '98.00'),
('6600597', 'Producto 897', '', '60.00'),
('6600610', 'Producto 898', '', '15.00'),
('6613177', 'Producto 899', '', '48.00'),
('6613191', 'Producto 900', '', '42.00'),
('6618943', 'Producto 901', '', '51.00'),
('6625071', 'Producto 902', '', '10.00'),
('6639795', 'Producto 903', '', '10.00'),
('6658284', 'Producto 904', '', '10.00'),
('6672488', 'Producto 905', '', '86.00'),
('6672662', 'Producto 906', '', '26.00'),
('6676141', 'Producto 907', '', '22.00'),
('6695838', 'Producto 908', '', '37.00'),
('6702390', 'Producto 909', '', '82.00'),
('6702437', 'Producto 910', '', '75.00'),
('6705612', 'Producto 911', '', '34.00'),
('6730942', 'Producto 912', '', '85.00'),
('6731000', 'Producto 913', '', '66.00'),
('6731024', 'Producto 914', '', '52.00'),
('6735008', 'Producto 915', '', '39.00'),
('6735176', 'Producto 916', '', '36.00'),
('6736012', 'Producto 917', '', '54.00'),
('6862346', 'Producto 918', '', '24.00'),
('6862551', 'Producto 919', '', '27.00'),
('6868461', 'Producto 920', '', '20.00'),
('6871393', 'Producto 921', '', '12.00'),
('6889657', 'Producto 922', '', '91.00'),
('6892541', 'Producto 923', '', '13.00'),
('6926932', 'Producto 924', '', '52.00'),
('6933497', 'Producto 925', '', '42.00'),
('6933503', 'Producto 926', '', '63.00'),
('6940372', 'Producto 927', '', '63.00'),
('6940389', 'Producto 928', '', '79.00'),
('6945186', 'Producto 929', '', '29.00'),
('6983607', 'Producto 930', '', '32.00'),
('6985793', 'Producto 931', '', '33.00'),
('7014072', 'Producto 932', '', '31.00'),
('7021544', 'Producto 933', '', '84.00'),
('7022404', 'Producto 934', '', '53.00'),
('7049319', 'Producto 935', '', '71.00'),
('7063360', 'Producto 936', '', '46.00'),
('7071822', 'Producto 937', '', '15.00'),
('7083672', 'Producto 938', '', '62.00'),
('7085829', 'Producto 939', '', '34.00'),
('7102663', 'Producto 940', '', '29.00'),
('7104193', 'Producto 941', '', '70.00'),
('7104209', 'Producto 942', '', '98.00'),
('7106760', 'Producto 943', '', '41.00'),
('7114123', 'Producto 944', '', '22.00'),
('7119937', 'Producto 945', '', '52.00'),
('7131229', 'Producto 946', '', '95.00'),
('7150206', 'Producto 947', '', '56.00'),
('7160670', 'Producto 948', '', '49.00'),
('7209676', 'Producto 949', '', '30.00'),
('7210344', 'Producto 950', '', '23.00'),
('7211808', 'Producto 951', '', '96.00'),
('7265542', 'Producto 952', '', '42.00'),
('7365044', 'Producto 953', '', '14.00'),
('7659419', 'Producto 954', '', '54.00'),
('8396542', 'Producto 955', '', '51.00'),
('8496792', 'Producto 956', '', '85.00'),
('8649914', 'Producto 957', '', '22.00'),
('8828609', 'Producto 958', '', '35.00'),
('8856817', 'Producto 959', '', '39.00'),
('8861682', 'Producto 960', '', '13.00'),
('9109684', 'Producto 961', '', '61.00'),
('9842864', 'Producto 962', '', '99.00'),
('9901271', 'Producto 963', '', '16.00'),
('9961992', 'Producto 964', '', '25.00'),
('9998202', 'Producto 965', '', '78.00');

-- --------------------------------------------------------

--
-- Estructura de tabla para la tabla `proveedores`
--

CREATE TABLE `proveedores` (
  `proveedor_id` smallint(5) NOT NULL,
  `proveedor_order` smallint(5) NOT NULL DEFAULT '0',
  `proveedor_cif` varchar(15) NOT NULL DEFAULT '',
  `proveedor_nombre` varchar(255) NOT NULL DEFAULT '',
  `proveedor_email` varchar(255) NOT NULL DEFAULT '',
  `proveedor_nombrecomercial` varchar(255) NOT NULL DEFAULT '',
  `proveedor_direccion` varchar(100) NOT NULL DEFAULT '',
  `proveedor_poblacion` varchar(100) NOT NULL DEFAULT '',
  `proveedor_municipio` varchar(100) NOT NULL DEFAULT '',
  `proveedor_idpais` tinyint(4) NOT NULL DEFAULT '73',
  `proveedor_cp` varchar(10) NOT NULL,
  `proveedor_telefono` varchar(30) NOT NULL,
  `proveedor_pwd` varchar(255) NOT NULL,
  `proveedor_activo` tinyint(1) NOT NULL DEFAULT '1',
  `proveedor_pwd_token` varchar(255) NOT NULL,
  `proveedor_selectorvalidator` varchar(255) DEFAULT NULL,
  `proveedor_hashedvalidator` varchar(255) DEFAULT NULL,
  `proveedor_create_time` timestamp NULL DEFAULT CURRENT_TIMESTAMP,
  `proveedor_pwd_seed` varchar(255) DEFAULT NULL,
  `proveedor_pwd_seed_time` timestamp NULL DEFAULT NULL
) ENGINE=InnoDB DEFAULT CHARSET=utf8;

--
-- Volcado de datos para la tabla `proveedores`
--

INSERT INTO `proveedores` (`proveedor_id`, `proveedor_order`, `proveedor_cif`, `proveedor_nombre`, `proveedor_email`, `proveedor_nombrecomercial`, `proveedor_direccion`, `proveedor_poblacion`, `proveedor_municipio`, `proveedor_idpais`, `proveedor_cp`, `proveedor_telefono`, `proveedor_pwd`, `proveedor_activo`, `proveedor_pwd_token`, `proveedor_selectorvalidator`, `proveedor_hashedvalidator`, `proveedor_create_time`, `proveedor_pwd_seed`, `proveedor_pwd_seed_time`) VALUES
(1, 1, '75140560c', 'Prov1', 'prov@prov.com', 'PRov comer', 'CALLE CAMINO DE LOS ABENCERRAJES', 'GRANADA', '', 73, '', '637088139', '$2y$10$ewadObIEaeTefB7xm3Q3y.rlc9CkYyhyjsp2KjDkYjXP6qnpUGm8a', 1, '', NULL, NULL, '2022-03-27 08:09:15', NULL, NULL),
(2, 2, '75140559L', 'Leticia prov', 'prov2@email.com', 'Leti comercial', '', '', '', 73, '', '', '$2y$10$qYmd3EUp24kI4H2S1PD8OeFr6JJEdaZISicyg.ic2OX75EOx5KtPG', 1, '', NULL, NULL, '2022-03-27 08:17:09', NULL, NULL),
(3, 3, 'adsdfs', 'sdfsdf', 'sdfsdf', 'tercero', '', '', '', 73, '', '', '', 1, '', NULL, NULL, '2022-04-07 16:28:01', NULL, NULL),
(4, 4, 'cuarto', 'El cuarto', 'elcuarto', 'cuarto', '', '', '', 73, '', '', '', 1, '', NULL, NULL, '2022-04-13 10:25:35', NULL, NULL),
(5, 5, 'quinto', 'quinto', 'quinto', 'quinto', '', '', '', 73, '', '', '', 1, '', NULL, NULL, '2022-04-13 10:25:44', NULL, NULL);

-- --------------------------------------------------------

--
-- Estructura de tabla para la tabla `stock_extra`
--

CREATE TABLE `stock_extra` (
  `cod_nacional` varchar(255) NOT NULL DEFAULT '',
  `num_unidades` int(5) NOT NULL DEFAULT '0'
) ENGINE=InnoDB DEFAULT CHARSET=utf8;

--
-- Volcado de datos para la tabla `stock_extra`
--

INSERT INTO `stock_extra` (`cod_nacional`, `num_unidades`) VALUES
('1', 10),
('1544148', 15),
('2', 15),
('3', 10);

-- --------------------------------------------------------

--
-- Estructura de tabla para la tabla `stock_necesario_externo`
--

CREATE TABLE `stock_necesario_externo` (
  `cod_nacional` varchar(255) NOT NULL DEFAULT '',
  `num_unidades` int(5) NOT NULL DEFAULT '0'
) ENGINE=InnoDB DEFAULT CHARSET=utf8;

--
-- Volcado de datos para la tabla `stock_necesario_externo`
--

INSERT INTO `stock_necesario_externo` (`cod_nacional`, `num_unidades`) VALUES
('000303', 12),
('000306', 6),
('000310', 18),
('000352', 6),
('000419', 5),
('000426', 5),
('000507', 51),
('000727', 6),
('000734', 5),
('000758', 12),
('000780', 10),
('000792', 6),
('000815', 5),
('000818', 22),
('000839', 5),
('000846', 5),
('000877', 5),
('000888', 55),
('001299', 12),
('001309', 12),
('001351', 5),
('001500', 14),
('001524', 44),
('001548', 12),
('001604', 12),
('001615', 5),
('001633', 5),
('001673', 40),
('001698', 60),
('001704', 15),
('001714', 24),
('001745', 5),
('001771', 8),
('001782', 18),
('001799', 18),
('001836', 12),
('001858', 7),
('002025', 10),
('002036', 6),
('002086', 7),
('002136', 5),
('002148', 18),
('002186', 18),
('002193', 18),
('002207', 27),
('002209', 12),
('002223', 12),
('002247', 18),
('002251', 10),
('002254', 12),
('002292', 12),
('002315', 18),
('002352', 5),
('002373', 14),
('002406', 9),
('002413', 7),
('002446', 78),
('002607', 9),
('002614', 10),
('002711', 39),
('002721', 40),
('002728', 37),
('002834', 5),
('002889', 5),
('002898', 25),
('002963', 5),
('002987', 7),
('002993', 7),
('003015', 5),
('003046', 5),
('003057', 5),
('003085', 75),
('003179', 29),
('003187', 5),
('003200', 5),
('003236', 9),
('003323', 6),
('003326', 10),
('003503', 5),
('003534', 5),
('003589', 41),
('003729', 5),
('004135', 12),
('004258', 5),
('004341', 5),
('004415', 18),
('004556', 5),
('004691', 36),
('004773', 6),
('004785', 6),
('004871', 5),
('004947', 6),
('004961', 56),
('005227', 12),
('005267', 5),
('005301', 50),
('005391', 6),
('005407', 29),
('005479', 6),
('005500', 19),
('005564', 6),
('005704', 57),
('005876', 10),
('005947', 6),
('005966', 6),
('006114', 5),
('006228', 8),
('006305', 10),
('006385', 6),
('006403', 9),
('006408', 33),
('006439', 6),
('006535', 5),
('006664', 6),
('006675', 34),
('006682', 12),
('006688', 5),
('006756', 5),
('006800', 5),
('006833', 12),
('006849', 18),
('006857', 9),
('006871', 27),
('007037', 6),
('007196', 22),
('007301', 42),
('007376', 11),
('007389', 6),
('007405', 5),
('007532', 5),
('007547', 11),
('007608', 45),
('007707', 45),
('007735', 51),
('007744', 14),
('007807', 27),
('007822', 5),
('007839', 5),
('007840', 6),
('007904', 13),
('007939', 12),
('008052', 93),
('008178', 14),
('008361', 6),
('008405', 19),
('008465', 8),
('008480', 12),
('008504', 21),
('008506', 6),
('008507', 5),
('008566', 26),
('008652', 5),
('008743', 7),
('008774', 15),
('008775', 12),
('008892', 19),
('008903', 5),
('008919', 12),
('008959', 5),
('009002', 21),
('009056', 23),
('009063', 182),
('009070', 24),
('009088', 5),
('009142', 5),
('009162', 42),
('009202', 59),
('009289', 7),
('009352', 5),
('009552', 18),
('009724', 18),
('009754', 6),
('009902', 24),
('013389', 19),
('013591', 30),
('022534', 15),
('051721', 11),
('064009', 24),
('081805', 12),
('081829', 6),
('090102', 79),
('090216', 12),
('090403', 18),
('090501', 8),
('090989', 18),
('091395', 10),
('091752', 5),
('091922', 10),
('092028', 39),
('092513', 172),
('092543', 6),
('092682', 5),
('092887', 12),
('092953', 12),
('092969', 11),
('093182', 6),
('093348', 11),
('093351', 47),
('093465', 8),
('094157', 24),
('094383', 11),
('094848', 24),
('095060', 12),
('095229', 18),
('095372', 17),
('095409', 5),
('095548', 75),
('095862', 12),
('096199', 58),
('096800', 5),
('096814', 57),
('097994', 7),
('098912', 6),
('099029', 22),
('099554', 36),
('099556', 12),
('099606', 73),
('099901', 16),
('099995', 12),
('134258', 55),
('134263', 89),
('135903', 24),
('148173', 5),
('150031.1', 6),
('150227.8', 120),
('150235.3', 5),
('150243.8', 560),
('150522.4', 7),
('150526.2', 14),
('150605.4', 6),
('150673.3', 24),
('150798.3', 11),
('150827.0', 48),
('150888.1', 5),
('150923.9', 5),
('150980.2', 44),
('150984.0', 6),
('150990.1', 54),
('150994.9', 46),
('151103.4', 25),
('151187.4', 5),
('151329.8', 25),
('151331.1', 5),
('151506.3', 12),
('151571.1', 6),
('151589.6', 6),
('151593.3', 71),
('151597.1', 6),
('151605.3', 9),
('151617.6', 82),
('151689.3', 19),
('151709.8', 6),
('151795.1', 20),
('151857.6', 6),
('151937.5', 17),
('152122.4', 48),
('152144.6', 8),
('152154.5', 72),
('152195.8', 12),
('152227.6', 39),
('152287.0', 68),
('152288.7', 36),
('152289.4', 41),
('152347.1', 24),
('152349.5', 161),
('152357.0', 24),
('152362.4', 11),
('152366.2', 24),
('152388.4', 8),
('152536.9', 28),
('152734.9', 123),
('152742.4', 65),
('152833.9', 57),
('152834.6', 6),
('153015.8', 317),
('153062.2', 12),
('153196.4', 16),
('153226.8', 13),
('153335.7', 82),
('153439.2', 18),
('153821.5', 30),
('153863.5', 44),
('153898.7', 12),
('153978.6', 50),
('154065.2', 77),
('154119.2', 45),
('154156.7', 16),
('154209.0', 27),
('154268.7', 10),
('1544148', 17),
('154563.3', 84),
('154600.5', 5),
('154659.3', 166),
('154754.5', 74),
('154841.2', 12),
('154884.9', 10),
('154980.8', 48),
('154982.2', 13),
('155002.6', 40),
('155009.5', 62),
('155099.6', 55),
('155112.2', 24),
('155167.2', 28),
('155169.6', 9),
('155170.2', 40),
('155325.6', 54),
('155347.8', 48),
('155444.4', 36),
('155506.9', 37),
('155521.2', 60),
('155676.9', 19),
('155677.6', 48),
('155859.6', 18),
('156110.7', 27),
('156180.0', 9),
('156333.0', 6),
('156355.2', 111),
('156367.5', 67),
('156495.5', 12),
('156558.7', 11),
('156569.3', 36),
('156630.0', 11),
('156641.6', 6),
('156826.7', 30),
('156862.5', 17),
('157135.9', 7),
('157138.0', 8),
('157170.0', 12),
('157190.8', 5),
('157266.0', 71),
('157294.3', 12),
('157357.5', 16),
('157380.3', 6),
('157555.5', 26),
('157713.9', 5),
('157845.7', 104),
('157930.0', 5),
('157947.8', 6),
('158155.6', 29),
('158241.6', 150),
('158242.3', 72),
('158243.0', 222),
('158244.7', 135),
('158278.2', 6),
('158392.5', 6),
('158393.2', 13),
('158474.8', 13),
('158508.0', 15),
('158598.1', 96),
('158655.1', 192),
('158679.7', 14),
('158737.4', 69),
('158738.1', 143),
('158900.2', 10),
('158912.5', 32),
('159140.1', 36),
('159141.8', 12),
('159144.9', 43),
('159146.3', 36),
('159189.0', 21),
('159201.9', 9),
('159209.5', 11),
('159323.8', 10),
('159325.2', 12),
('159448.8', 20),
('159451.8', 26),
('159584.3', 6),
('159585.0', 13),
('159797.7', 55),
('159874.5', 6),
('159985.8', 16),
('160370.8', 6),
('160388.3', 12),
('160424.8', 30),
('160452.1', 30),
('160672.3', 16),
('160683.9', 81),
('160684.6', 55),
('160700.3', 18),
('161122.2', 18),
('161141.3', 12),
('161171.0', 27),
('161173.4', 210),
('161273.1', 122),
('161366.0', 12),
('161417.9', 84),
('161467.4', 6),
('161550.3', 60),
('161607.4', 102),
('161681.4', 6),
('161711.8', 11),
('161755.2', 24),
('161938.9', 10),
('161992.1', 23),
('162179.5', 121),
('162183.2', 16),
('162349.2', 27),
('162506.9', 12),
('162750.6', 15),
('162798.8', 40),
('162844.2', 17),
('162918.0', 10),
('162926.5', 100),
('163004.9', 8),
('163168.8', 27),
('163169.5', 11),
('163171.8', 7),
('163184.8', 48),
('163232.6', 172),
('163347.7', 289),
('163411.5', 71),
('163493.1', 8),
('163521.1', 45),
('163566.2', 10),
('163567.9', 20),
('163578.5', 215),
('163579.2', 180),
('163680.5', 13),
('163732.1', 24),
('163811.3', 12),
('163950.9', 10),
('164018.5', 14),
('164044.4', 6),
('164273.8', 5),
('164286.8', 12),
('164287.5', 27),
('164309.4', 46),
('164460.2', 15),
('164503.6', 35),
('164520.3', 6),
('164574.6', 85),
('164747.4', 9),
('164752.8', 22),
('164759.7', 54),
('164766.5', 12),
('164767.2', 58),
('164812.9', 60),
('165120.4', 26),
('165385.7', 46),
('165454.0', 6),
('165584.4', 6),
('165683.4', 12),
('165718.3', 36),
('165739.8', 12),
('165742.8', 21),
('165743.5', 10),
('165744.2', 6),
('165839.5', 191),
('165849.4', 6),
('165853.1', 18),
('165856.2', 11),
('165864.7', 23),
('165880.7', 12),
('165984.2', 36),
('166105.0', 279),
('166216.3', 12),
('166217.0', 51),
('166487.7', 15),
('166530.0', 9),
('166650.5', 6),
('166675.8', 21),
('166764.9', 26),
('166780.9', 24),
('166791.5', 12),
('166825.7', 14),
('166911.7', 96),
('166924.7', 12),
('166986.5', 36),
('166987.2', 13),
('167026.7', 50),
('167027.4', 50),
('167221.6', 12),
('167245.2', 27),
('167307.7', 59),
('167350.3', 292),
('167422.7', 6),
('167531.6', 17),
('167537.8', 8),
('167538.5', 32),
('167653.5', 16),
('167656.6', 16),
('167675.7', 28),
('167702.0', 9),
('167739.6', 35),
('167800.3', 7),
('167812.6', 28),
('167813.3', 23),
('167821.8', 394),
('167823.2', 12),
('167885.0', 28),
('167974.1', 10),
('167977.2', 60),
('168033.4', 24),
('168339.7', 6),
('168410.3', 5),
('168427.1', 6),
('168631.2', 5),
('168755.5', 126),
('168770.8', 11),
('169016.6', 33),
('169051.7', 111),
('169062.3', 66),
('169103.3', 5),
('169123.1', 15),
('169129.3', 34),
('169171.2', 19),
('169218.4', 24),
('169238.2', 12),
('169240.5', 264),
('169395.2', 10),
('169427.0', 6),
('169472.0', 14),
('169520.8', 44),
('169543.7', 37),
('169645.8', 160),
('169670.0', 26),
('169673.1', 9),
('169770.7', 20),
('169829.2', 24),
('169907.7', 11),
('170003.2', 45),
('170085.8', 9),
('170086.5', 11),
('170161.9', 5),
('170163.3', 6),
('170204.3', 12),
('170287.6', 29),
('170288.3', 49),
('170345.3', 19),
('170368.2', 15),
('170427.6', 13),
('170453.5', 22),
('170489.4', 5),
('170639.3', 342),
('170688.1', 145),
('170696.6', 381),
('170712.3', 25),
('170820.5', 6),
('170910.3', 6),
('170964.6', 23),
('170988.2', 22),
('171017.8', 9),
('171067.3', 8),
('171072.7', 16),
('171141.0', 11),
('171180.9', 18),
('171184.7', 5),
('171236.3', 31),
('171315.5', 19),
('171532.6', 17),
('171533.3', 35),
('171579.1', 6),
('171584.5', 35),
('171681.1', 12),
('171683.5', 20),
('171729.0', 28),
('171749.8', 6),
('171806.8', 6),
('171811.2', 54),
('171831.0', 25),
('171908.9', 67),
('172448.9', 23),
('172517.2', 16),
('172808.1', 6),
('172828.9', 6),
('172929.3', 22),
('172958.3', 6),
('172973.6', 47),
('172981.1', 12),
('172990.3', 18),
('173014.5', 57),
('173015.2', 24),
('173100.5', 147),
('173118.0', 17),
('173189.0', 12),
('173402.0', 19),
('173407.5', 20),
('173415.0', 70),
('173421.1', 6),
('173422.8', 12),
('173578.2', 12),
('173579.9', 12),
('173683.3', 16),
('173722.9', 6),
('173735.9', 5),
('173742.7', 5),
('173753.3', 46),
('173754.0', 100),
('173768.7', 24),
('174112.7', 29),
('174129.5', 74),
('174135.6', 9),
('174138.7', 32),
('174141.7', 5),
('174145.5', 35),
('174146.2', 9),
('174157.8', 64),
('174162.2', 6),
('174335.0', 8),
('174377.0', 16),
('174387.9', 36),
('174389.3', 9),
('174459.3', 6),
('174461.6', 5),
('174570.5', 8),
('174605.4', 24),
('174745.7', 29),
('174857.7', 13),
('174916.1', 21),
('174937.6', 12),
('174942.0', 12),
('175153.9', 5),
('175223.9', 20),
('175251.2', 180),
('175275.8', 6),
('175290.1', 9),
('175361.8', 6),
('175497.4', 379),
('175824.8', 12),
('176056.2', 42),
('176102.6', 5),
('176176.7', 18),
('176244.3', 20),
('176245.0', 5),
('176547.5', 10),
('176614.4', 24),
('176621.2', 25),
('176768.4', 24),
('176918.3', 9),
('176937.4', 10),
('177053.0', 51),
('177149.0', 6),
('177252.7', 8),
('177577.1', 7),
('177709.6', 66),
('177774.4', 78),
('177867.3', 27),
('177870.3', 25),
('177887.1', 12),
('177937.3', 8),
('178003.4', 24),
('178005.8', 30),
('178073.7', 13),
('178074.4', 9),
('178135.2', 28),
('178143.7', 17),
('178187.1', 6),
('178604.3', 26),
('178680.7', 10),
('178717.0', 78),
('178834.4', 24),
('178954.9', 6),
('178955.6', 20),
('178982.2', 18),
('179004.0', 12),
('179010.1', 9),
('179028.6', 5),
('179032.3', 10),
('179051.4', 10),
('179077.4', 8),
('179086.6', 13),
('179091.0', 21),
('179092.7', 24),
('179109.2', 12),
('179127.6', 6),
('179134.4', 16),
('179143.6', 25),
('179150.4', 30),
('179168.9', 12),
('179176.4', 11),
('179184.9', 16),
('179190.0', 8),
('179338.6', 6),
('179339.3', 6),
('179363.8', 17),
('179364.5', 12),
('179367.6', 6),
('179462.8', 55),
('179505.2', 36),
('179506.9', 83),
('179605.9', 12),
('179649.3', 24),
('179673.8', 20),
('179682.0', 87),
('179910.4', 30),
('180030.5', 6),
('180322.1', 12),
('180385.6', 10),
('180399.3', 29),
('180464.8', 9),
('180466.2', 429),
('180518.8', 24),
('180566.9', 61),
('180567.6', 30),
('180579.9', 23),
('180584.3', 9),
('180671.0', 12),
('180682.6', 36),
('180832.5', 8),
('180914.8', 17),
('180987.2', 8),
('181053.3', 8),
('181092.2', 11),
('181097.7', 40),
('181098.4', 5),
('181105.9', 9),
('181114.1', 12),
('181179.0', 12),
('181422.7', 9),
('181471.5', 9),
('181527.9', 12),
('181559.0', 6),
('181598.9', 12),
('181638.2', 7),
('181640.5', 24),
('181825.6', 8),
('181895.9', 13),
('181987.1', 6),
('181995.6', 6),
('182019.8', 26),
('182094.5', 5),
('182100.3', 18),
('182126.3', 18),
('182136.2', 282),
('182137.9', 64),
('182153.9', 6),
('182245.1', 5),
('182331.1', 6),
('182479.0', 9),
('182480.6', 6),
('182502.5', 24),
('182754.8', 10),
('182757.9', 10),
('182998.6', 5),
('183161.3', 8),
('183165.1', 6),
('183219.1', 17),
('183288.7', 30),
('183370.9', 10),
('183384.6', 20),
('183415.7', 12),
('183434.8', 25),
('183582.6', 6),
('183723.3', 48),
('183757.8', 6),
('183790.5', 107),
('183795.0', 24),
('183832.2', 5),
('183890.2', 6),
('183917.6', 12),
('184051.6', 11),
('184086.8', 42),
('184332.6', 11),
('184334.0', 12),
('184352.4', 12),
('184380.7', 17),
('184411.8', 41),
('184620.4', 9),
('184667.9', 34),
('184672.3', 18),
('184683.9', 9),
('184701.0', 12),
('184715.7', 8),
('184755.3', 12),
('184771.3', 5),
('184839.0', 18),
('184867.3', 11),
('185004.1', 7),
('185155.0', 6),
('185190.1', 6),
('185292.2', 10),
('185318.9', 5),
('185422.3', 5),
('185696.8', 6),
('185853.5', 7),
('185870.2', 32),
('185950.1', 12),
('185977.8', 23),
('185978.5', 5),
('185981.5', 12),
('186073.6', 56),
('186140.5', 32),
('186212.9', 5),
('186393.5', 24),
('186456.7', 8),
('186482.6', 15),
('186573.1', 7),
('186745.2', 34),
('186769.8', 30),
('186782.7', 12),
('186819.0', 6),
('186881.7', 32),
('186923.4', 618),
('187117.6', 18),
('187262.3', 12),
('187359.0', 48),
('187386.6', 6),
('187398.9', 51),
('187407.8', 12),
('187458.0', 12),
('187497.9', 39),
('187556.3', 24),
('187618.8', 12),
('187619.5', 36),
('187651.5', 7),
('187655.3', 62),
('187750.5', 12),
('187755.0', 6),
('187792.5', 52),
('187819.9', 70),
('187927.1', 10),
('187952.3', 7),
('187956.1', 12),
('187962.2', 12),
('188006.2', 29),
('188007.9', 24),
('188009.3', 40),
('188071.0', 15),
('188126.7', 8),
('188154.0', 8),
('188264.6', 9),
('188325.4', 15),
('188471.8', 38),
('188754.2', 14),
('188785.6', 84),
('189087.0', 22),
('189137.2', 10),
('189210.2', 10),
('189255.3', 12),
('189513.4', 13),
('189593.6', 7),
('189594.3', 6),
('189741.1', 6),
('189830.2', 6),
('189837.1', 59),
('189906.4', 12),
('189918.7', 6),
('189919.4', 80),
('190095.1', 8),
('190120.0', 44),
('190131.6', 6),
('190196.5', 12),
('190198.9', 6),
('190327.3', 12),
('190354.9', 59),
('190432.4', 18),
('190689.2', 29),
('190795.0', 23),
('190931.2', 6),
('190951.0', 30),
('190970.1', 6),
('191010.3', 6),
('191012.7', 24),
('191059.2', 127),
('191192.6', 7),
('191281.7', 11),
('191283.1', 7),
('191284.8', 12),
('191285.5', 13),
('191286.2', 10),
('191352.4', 6),
('191355.5', 10),
('191365.4', 7),
('191461.3', 9),
('191516.0', 6),
('191599.3', 6),
('191739.3', 47),
('191815.4', 6),
('192007.2', 12),
('192052.2', 6),
('192065.2', 5),
('192073.7', 23),
('192074.4', 59),
('192076.8', 31),
('192077.5', 7),
('192080.5', 35),
('192083.6', 18),
('192086.7', 8),
('192089.8', 7),
('192167.3', 18),
('192170.3', 6),
('192179.6', 24),
('192296.0', 9),
('192402.5', 28),
('192407.0', 12),
('192471.1', 14),
('192625.8', 71),
('192661.6', 9),
('192672.2', 85),
('192717.0', 67),
('192718.7', 12),
('192884.9', 6),
('192918.1', 5),
('192941.9', 30),
('193054.5', 9),
('193143.6', 36),
('193148.1', 6),
('193271.6', 5),
('193272.3', 5),
('193274.7', 6),
('193275.4', 5),
('193281.5', 32),
('193282.2', 37),
('193283.9', 14),
('193333.1', 5),
('193434.5', 52),
('193438.3', 16),
('193442.0', 12),
('193559.5', 23),
('193669.1', 19),
('193710.0', 35),
('193911.1', 10),
('194237.1', 16),
('194513.6', 15),
('194576.1', 7),
('194635.5', 55),
('194816.8', 7),
('194851.9', 12),
('194895.3', 6),
('194897.7', 6),
('195132.8', 12),
('195139.7', 9),
('195152.6', 98),
('195189.2', 6),
('195277.6', 11),
('195341.4', 5),
('195465.7', 11),
('195473.2', 5),
('195600.2', 12),
('195601.9', 12),
('195670.5', 12),
('195682.8', 7),
('195690.3', 6),
('196045.0', 10),
('196046.7', 9),
('196213.3', 11),
('196329.1', 15),
('196483.0', 6),
('196497.7', 23),
('196530.1', 23),
('196542.4', 7),
('196632.2', 47),
('196633.9', 80),
('196669.8', 7),
('196670.4', 6),
('196671.1', 11),
('196750.3', 14),
('196855.5', 6),
('196913.2', 15),
('196914.9', 11),
('197011.4', 12),
('197029.9', 33),
('197089.3', 34),
('197142.5', 10),
('197144.9', 5),
('197170.8', 28),
('197172.2', 25),
('197339.9', 12),
('197342.9', 12),
('197418.1', 60),
('197439.6', 6),
('197462.4', 12),
('197556.0', 70),
('197557.7', 39),
('197600.0', 6),
('197655.0', 25),
('197803.5', 12),
('197804.2', 66),
('197817.2', 11),
('197833.2', 6),
('197895.0', 10),
('197902.5', 8),
('197949.0', 9),
('198059.5', 18),
('198066.3', 9),
('198113.4', 6),
('198139.4', 281),
('198253.7', 33),
('198276.6', 36),
('198313.8', 42),
('198364.0', 57),
('198378.7', 36),
('198415.9', 12),
('198427.2', 6),
('198497.5', 47),
('198500.2', 14),
('198501.9', 35),
('198559.0', 12),
('198611.5', 24),
('198673.3', 90),
('198732.7', 27),
('198822.5', 6),
('198825.6', 101),
('198826.3', 12),
('198847.8', 6),
('198848.5', 6),
('198884.3', 9),
('199008.2', 12),
('199440.0', 6),
('199445.5', 6),
('199446.2', 9),
('199456.1', 12),
('199466.0', 43),
('199467.7', 12),
('199468.4', 12),
('199499.8', 101),
('199531.5', 12),
('199556.8', 6),
('199572.8', 9),
('199579.7', 11),
('199609.1', 16),
('199614.5', 15),
('199615.2', 22),
('199616.9', 21),
('199617.6', 36),
('199660.2', 8),
('199835.4', 7),
('199841.5', 9),
('199910.8', 8),
('199911.5', 15),
('199912.2', 14),
('199913.9', 17),
('199918.4', 19),
('199967.2', 167),
('199998.6', 18),
('199999.3', 6),
('200014.8', 6),
('200158.9', 8),
('200196.1', 54),
('200270.8', 18),
('200280.7', 11),
('200300.2', 24),
('200375.0', 10),
('200395.8', 36),
('200396.5', 12),
('200499.3', 12),
('200595.2', 22),
('200645.4', 10),
('200681.2', 8),
('200714.7', 8),
('200864.9', 12),
('200905.9', 9),
('200944.8', 8),
('200949.3', 5),
('200995.0', 41),
('201134.2', 48),
('201144.1', 5),
('201146.5', 5),
('201148.9', 5),
('201164.9', 17),
('201226.4', 6),
('201332.2', 7),
('201371.1', 10),
('201832.7', 12),
('201841.9', 6),
('201843.3', 43),
('201861.7', 15),
('201879.2', 12),
('201881.5', 5),
('201924.9', 19),
('201925.6', 19),
('201926.3', 9),
('201927.0', 8),
('201947.8', 12),
('201948.5', 25),
('201954.6', 5),
('201958.4', 12),
('202005.4', 14),
('202019.1', 18),
('202023.8', 5),
('202065.8', 12),
('202290.4', 9),
('202313.0', 31),
('202385.7', 11),
('202388.8', 6),
('202411.3', 5),
('202412.0', 18),
('202413.7', 6),
('202448.9', 18),
('202494.6', 12),
('202585.1', 15),
('202644.5', 14),
('202734.3', 29),
('202735.0', 30),
('202777.0', 48),
('202802.9', 9),
('202921.7', 9),
('202923.1', 9),
('202946.0', 6),
('202948.4', 6),
('202950.7', 6),
('203019.0', 18),
('203073.2', 87),
('203124.1', 81),
('203382.5', 5),
('203383.2', 6),
('203384.9', 34),
('203465.5', 126),
('203639.0', 10),
('203641.3', 12),
('203781.6', 24),
('203954.4', 11),
('204035.9', 9),
('204062.5', 12),
('204074.8', 10),
('204088.5', 6),
('204091.5', 15),
('204092.2', 10),
('204242.1', 20),
('204243.8', 14),
('204267.4', 5),
('204281.0', 12),
('204309.1', 5),
('204345.9', 10),
('204349.7', 23),
('204350.3', 34),
('204392.3', 12),
('204427.2', 6),
('204428.9', 6),
('204429.6', 95),
('204431.9', 144),
('204440.1', 6),
('204441.8', 6),
('204442.5', 6),
('204443.2', 6),
('204444.9', 6),
('204445.6', 6),
('204539.2', 5),
('204820.1', 20),
('204821.8', 20),
('205090.7', 12),
('205216.1', 30),
('205342.7', 18),
('205570.4', 21),
('206029.6', 12),
('206179.8', 5),
('206375.4', 515),
('206656.4', 30),
('206912.1', 193),
('207530.6', 43),
('208397.4', 570),
('208835.1', 5),
('209229.7', 108),
('209858.9', 12),
('209874.9', 5),
('210019.0', 53),
('210304.7', 9),
('210443.3', 26),
('210579.9', 85),
('211219.3', 446),
('211300.8', 6),
('211771.6', 33),
('211961.1', 12),
('212964.1', 12),
('213645.8', 6),
('214684.6', 94),
('214791.1', 20),
('216010.1', 40),
('217025.4', 72),
('217547.1', 12),
('220004.3', 7),
('221374.6', 7),
('226521.9', 6),
('226548.6', 18),
('226571.4', 12),
('229831.6', 686),
('230573.1', 11),
('231827.4', 6),
('234770.0', 215),
('235553.8', 6),
('235846.1', 10),
('236265.9', 27),
('237867.4', 36),
('237925.1', 36),
('238444.6', 83),
('238626.6', 500),
('239442.1', 8),
('240325.3', 39),
('241000.8', 578),
('242289.6', 312),
('242638.2', 40),
('242776.1', 167),
('242784.6', 21),
('242792.1', 328),
('242800.3', 6),
('242818.8', 397),
('242842.3', 24),
('242933.8', 9),
('242966.6', 6),
('242982.6', 72),
('243014.3', 90),
('243162.1', 6),
('243833.0', 14),
('243949.8', 6),
('245209.1', 73),
('247098.9', 315),
('247379.9', 47),
('248526.6', 24),
('251009.8', 47),
('251197.2', 39),
('251876.6', 8),
('251995.4', 5),
('252021.9', 5),
('252056.1', 51),
('253146.8', 45),
('253427.8', 60),
('254342.3', 24),
('254755.1', 54),
('255059.9', 385),
('255681.2', 588),
('255786.4', 96),
('256958.4', 6),
('257659.9', 206),
('257667.4', 12),
('258574.4', 104),
('258608.6', 6),
('259366.4', 28),
('259564.4', 13),
('259818.8', 24),
('260042.3', 28),
('262717.8', 5),
('264259.1', 29),
('264267.6', 44),
('264268.3', 6),
('264689.6', 46),
('264788.6', 24),
('264811.1', 29),
('265314.6', 75),
('266338.1', 44),
('269209.1', 49),
('269480.4', 15),
('269923.6', 39),
('269925.0', 98),
('294215.8', 6),
('297259.9', 14),
('300061.1', 36),
('300103.8', 36),
('300236.3', 117),
('300293.6', 11),
('300798.6', 6),
('301234.8', 6),
('301440.3', 46),
('301465.6', 30),
('302588.1', 50),
('304261.1', 504),
('304394.6', 51),
('304527.8', 6),
('305185.9', 16),
('305240.5', 60),
('305542.0', 9),
('305548.2', 250),
('305771.4', 6),
('306233.6', 52),
('308532.8', 46),
('310601.6', 48),
('310602.3', 12),
('313791.1', 138),
('313940.3', 102),
('313999.1', 31),
('314005.8', 12),
('314021.8', 11),
('315671.4', 151),
('315689.9', 18),
('316729.1', 328),
('316927.1', 65),
('316950.9', 5),
('317202.8', 5),
('321124.6', 14),
('323216.6', 24),
('324558.6', 225),
('324566.1', 178),
('324612.5', 13),
('326744.1', 9),
('326843.1', 17),
('326850.9', 5),
('326903.2', 6),
('328654.1', 98),
('328807.1', 17),
('330654.6', 7),
('330878.6', 12),
('331074.1', 5),
('331977.5', 12),
('331978.2', 18),
('333559.1', 143),
('335240.6', 12),
('337857.4', 26),
('337970.0', 24),
('338624.1', 5),
('339390.4', 303),
('339537.3', 56),
('339846.6', 6),
('340408.2', 72),
('341533.0', 200),
('341534.7', 6),
('341784.6', 8),
('342121.8', 32),
('342199.7', 5),
('342246.8', 36),
('342345.8', 9),
('345108.6', 69),
('345260.1', 52),
('345652.4', 8),
('345819.1', 103),
('346551.9', 144),
('346650.9', 126),
('346767.4', 102),
('347765.9', 237),
('348146.5', 20),
('348559.3', 156),
('349712.1', 30),
('350082.1', 54),
('350198.9', 20),
('350629.8', 13),
('352829.0', 13),
('353565.6', 131),
('353823.7', 26),
('358192.9', 86),
('359430.1', 6),
('359448.6', 12),
('361626.3', 12),
('363382.6', 23),
('364257.6', 6),
('365445.6', 6),
('365684.9', 13),
('368035.6', 35),
('368274.9', 28),
('368928.1', 36),
('369124.6', 19),
('369702.6', 65),
('370429.8', 24),
('371997.1', 48),
('372193.6', 24),
('372334.3', 108),
('372656.6', 18),
('372833.1', 12),
('372961.1', 16),
('373159.1', 6),
('373985.6', 21),
('374009.8', 11),
('374074.6', 7),
('374090.6', 15),
('375469.9', 24),
('375881.9', 47),
('376582.4', 29),
('377093.4', 27),
('377325.6', 113),
('377978.4', 94),
('378117.6', 70),
('378232.6', 11),
('379164.9', 23),
('379354.4', 89),
('380782.1', 12),
('380824.8', 5),
('381269.6', 223),
('381319.8', 57),
('381988.6', 6),
('382937.3', 70),
('383448.3', 15),
('384016.3', 11),
('384677.6', 20),
('384800.8', 12),
('385476.4', 109),
('385518.1', 30),
('391847.3', 190),
('391862.6', 136),
('392118.3', 72),
('392720.8', 134),
('393090.1', 9),
('393579.1', 72),
('393587.6', 24),
('395756.4', 6),
('396879.9', 27),
('396929.1', 6),
('442590.1', 5),
('445155.9', 24),
('479204.1', 12),
('482208.3', 176),
('482216.8', 69),
('482224.3', 162),
('482612.8', 290),
('482620.3', 96),
('482638.8', 249),
('482646.3', 198),
('482653.1', 152),
('499608.1', 45),
('499616.6', 25),
('499640.1', 75);

-- --------------------------------------------------------

--
-- Estructura de tabla para la tabla `stock_necesario_incremental`
--

CREATE TABLE `stock_necesario_incremental` (
  `nombre_excel` varchar(255) NOT NULL DEFAULT '',
  `cod_nacional` varchar(255) NOT NULL DEFAULT '',
  `num_unidades` int(5) NOT NULL DEFAULT '0'
) ENGINE=InnoDB DEFAULT CHARSET=utf8;

--
-- Volcado de datos para la tabla `stock_necesario_incremental`
--

INSERT INTO `stock_necesario_incremental` (`nombre_excel`, `cod_nacional`, `num_unidades`) VALUES
('202202_5I.xlsx', '0135903', 0),
('202202_5I.xlsx', '1500007', 0),
('202202_5I.xlsx', '1500397', -1),
('202202_5I.xlsx', '1502278', -1),
('202202_5I.xlsx', '1502438', 0),
('202202_5I.xlsx', '1503305', -2),
('202202_5I.xlsx', '1504180', 0),
('202202_5I.xlsx', '1504609', 1),
('202202_5I.xlsx', '1506924', 0),
('202202_5I.xlsx', '1508911', 0),
('202202_5I.xlsx', '1509208', 0),
('202202_5I.xlsx', '1509239', 1),
('202202_5I.xlsx', '1509529', -1),
('202202_5I.xlsx', '1511522', 0),
('202202_5I.xlsx', '1512901', 0),
('202202_5I.xlsx', '1513670', 0),
('202202_5I.xlsx', '1514417', 0),
('202202_5I.xlsx', '1515711', 0),
('202202_5I.xlsx', '1516893', 0),
('202202_5I.xlsx', '1517043', 0),
('202202_5I.xlsx', '1517975', 0),
('202202_5I.xlsx', '1518132', 0),
('202202_5I.xlsx', '1518422', 0),
('202202_5I.xlsx', '1518439', 0),
('202202_5I.xlsx', '1518521', 0),
('202202_5I.xlsx', '1519825', 0),
('202202_5I.xlsx', '1520081', 0),
('202202_5I.xlsx', '1520487', 0),
('202202_5I.xlsx', '1520494', 0),
('202202_5I.xlsx', '1520517', 0),
('202202_5I.xlsx', '1522634', 0),
('202202_5I.xlsx', '1523402', 0),
('202202_5I.xlsx', '1526441', 0),
('202202_5I.xlsx', '1526779', 0),
('202202_5I.xlsx', '1527585', 1),
('202202_5I.xlsx', '1529824', 0),
('202202_5I.xlsx', '1529893', 0),
('202202_5I.xlsx', '1531872', 0),
('202202_5I.xlsx', '1532916', 0),
('202202_5I.xlsx', '1533357', 0),
('202202_5I.xlsx', '1533364', 0),
('202202_5I.xlsx', '1534446', 0),
('202202_5I.xlsx', '1535887', 0),
('202202_5I.xlsx', '1538208', 0),
('202202_5I.xlsx', '1538222', 0),
('202202_5I.xlsx', '1539038', 0),
('202202_5I.xlsx', '1539731', 1),
('202202_5I.xlsx', '1539809', -1),
('202202_5I.xlsx', '1540478', -1),
('202202_5I.xlsx', '1540546', 0),
('202202_5I.xlsx', '1542342', 1),
('202202_5I.xlsx', '1542687', 0),
('202202_5I.xlsx', '1542779', -1),
('202202_5I.xlsx', '1542830', 0),
('202202_5I.xlsx', '1543356', 0),
('202202_5I.xlsx', '1543370', 0),
('202202_5I.xlsx', '1543547', -1),
('202202_5I.xlsx', '1543554', -2),
('202202_5I.xlsx', '1544148', -3),
('202202_5I.xlsx', '1544186', 0),
('202202_5I.xlsx', '1545404', 0),
('202202_5I.xlsx', '1546807', 0),
('202202_5I.xlsx', '1547361', 0),
('202202_5I.xlsx', '1548191', 0),
('202202_5I.xlsx', '1548368', 0),
('202202_5I.xlsx', '1549709', 0),
('202202_5I.xlsx', '1550989', 0),
('202202_5I.xlsx', '1551276', 0),
('202202_5I.xlsx', '1553621', 0),
('202202_5I.xlsx', '1554727', 0),
('202202_5I.xlsx', '1554741', 0),
('202202_5I.xlsx', '1555069', 0),
('202202_5I.xlsx', '1556776', 0),
('202202_5I.xlsx', '1557575', 0),
('202202_5I.xlsx', '1560377', 0),
('202202_5I.xlsx', '1561053', 0),
('202202_5I.xlsx', '1561718', 0),
('202202_5I.xlsx', '1563538', 0),
('202202_5I.xlsx', '1566478', 0),
('202202_5I.xlsx', '1567482', 0),
('202202_5I.xlsx', '1568823', -1),
('202202_5I.xlsx', '1569684', -1),
('202202_5I.xlsx', '1570789', 0),
('202202_5I.xlsx', '1570796', 0),
('202202_5I.xlsx', '1571342', 0),
('202202_5I.xlsx', '1571359', 0),
('202202_5I.xlsx', '1571380', 0),
('202202_5I.xlsx', '1571618', 0),
('202202_5I.xlsx', '1571625', 0),
('202202_5I.xlsx', '1571632', 0),
('202202_5I.xlsx', '1572288', 0),
('202202_5I.xlsx', '1574930', 0),
('202202_5I.xlsx', '1576804', 1),
('202202_5I.xlsx', '1577146', 1),
('202202_5I.xlsx', '1577245', 0),
('202202_5I.xlsx', '1577252', 0),
('202202_5I.xlsx', '1578457', 0),
('202202_5I.xlsx', '1578464', 0),
('202202_5I.xlsx', '1579300', 0),
('202202_5I.xlsx', '1579379', 0),
('202202_5I.xlsx', '1579898', 0),
('202202_5I.xlsx', '1582430', 0),
('202202_5I.xlsx', '1584373', 0),
('202202_5I.xlsx', '1585226', 0),
('202202_5I.xlsx', '1585233', 0),
('202202_5I.xlsx', '1585257', 0),
('202202_5I.xlsx', '1585295', 0),
('202202_5I.xlsx', '1585301', 0),
('202202_5I.xlsx', '1586919', 0),
('202202_5I.xlsx', '1586940', 0),
('202202_5I.xlsx', '1589217', -1),
('202202_5I.xlsx', '1590442', 0),
('202202_5I.xlsx', '1592613', 0),
('202202_5I.xlsx', '1593238', 0),
('202202_5I.xlsx', '1594433', 0),
('202202_5I.xlsx', '1597069', -1),
('202202_5I.xlsx', '1597939', 0),
('202202_5I.xlsx', '1599407', 0),
('202202_5I.xlsx', '1599438', 0),
('202202_5I.xlsx', '1599575', 0),
('202202_5I.xlsx', '1599599', 0),
('202202_5I.xlsx', '1599605', 0),
('202202_5I.xlsx', '1601551', 1),
('202202_5I.xlsx', '1602022', 0),
('202202_5I.xlsx', '1603654', 0),
('202202_5I.xlsx', '1603708', 0),
('202202_5I.xlsx', '1603968', 0),
('202202_5I.xlsx', '1604262', -4),
('202202_5I.xlsx', '1605191', 0),
('202202_5I.xlsx', '1605412', 0),
('202202_5I.xlsx', '1607744', -1),
('202202_5I.xlsx', '1611734', 0),
('202202_5I.xlsx', '1612250', 0),
('202202_5I.xlsx', '1612335', 0),
('202202_5I.xlsx', '1613011', 0),
('202202_5I.xlsx', '1613172', 0),
('202202_5I.xlsx', '1613202', 0),
('202202_5I.xlsx', '1613981', 0),
('202202_5I.xlsx', '1614339', 0),
('202202_5I.xlsx', '1614346', 0),
('202202_5I.xlsx', '1614605', 0),
('202202_5I.xlsx', '1615008', 0),
('202202_5I.xlsx', '1615855', 0),
('202202_5I.xlsx', '1616470', 0),
('202202_5I.xlsx', '1616487', 0),
('202202_5I.xlsx', '1616784', 0),
('202202_5I.xlsx', '1616791', 0),
('202202_5I.xlsx', '1617033', 0),
('202202_5I.xlsx', '1617552', 0),
('202202_5I.xlsx', '1618368', 0),
('202202_5I.xlsx', '1619617', 3),
('202202_5I.xlsx', '1619624', 1),
('202202_5I.xlsx', '1621825', 0),
('202202_5I.xlsx', '1624772', 0),
('202202_5I.xlsx', '1627247', 0),
('202202_5I.xlsx', '1627971', 0),
('202202_5I.xlsx', '1630452', 0),
('202202_5I.xlsx', '1630698', 0),
('202202_5I.xlsx', '1630810', 0),
('202202_5I.xlsx', '1631725', 0),
('202202_5I.xlsx', '1634290', 0),
('202202_5I.xlsx', '1634931', 0),
('202202_5I.xlsx', '1636744', 0),
('202202_5I.xlsx', '1637369', 0),
('202202_5I.xlsx', '1638601', 0),
('202202_5I.xlsx', '1639752', 0),
('202202_5I.xlsx', '1639769', 0),
('202202_5I.xlsx', '1639998', 0),
('202202_5I.xlsx', '1642370', 1),
('202202_5I.xlsx', '1642844', 0),
('202202_5I.xlsx', '1643056', 0),
('202202_5I.xlsx', '1643094', 0),
('202202_5I.xlsx', '1643322', 0),
('202202_5I.xlsx', '1647054', 0),
('202202_5I.xlsx', '1647153', 0),
('202202_5I.xlsx', '1647245', 0),
('202202_5I.xlsx', '1647993', 0),
('202202_5I.xlsx', '1649164', -1),
('202202_5I.xlsx', '1650979', -1),
('202202_5I.xlsx', '1652539', 0),
('202202_5I.xlsx', '1653376', -1),
('202202_5I.xlsx', '1655936', 0),
('202202_5I.xlsx', '1655950', 1),
('202202_5I.xlsx', '1657152', 0),
('202202_5I.xlsx', '1657169', 1),
('202202_5I.xlsx', '1657732', 0),
('202202_5I.xlsx', '1657749', 0),
('202202_5I.xlsx', '1657756', 1),
('202202_5I.xlsx', '1657763', 0),
('202202_5I.xlsx', '1657770', 0),
('202202_5I.xlsx', '1657909', 0),
('202202_5I.xlsx', '1657947', 0),
('202202_5I.xlsx', '1658142', 0),
('202202_5I.xlsx', '1658319', 3),
('202202_5I.xlsx', '1658913', -1),
('202202_5I.xlsx', '1658920', -1),
('202202_5I.xlsx', '1660015', 0),
('202202_5I.xlsx', '1661494', 0),
('202202_5I.xlsx', '1661807', -1),
('202202_5I.xlsx', '1661883', 0),
('202202_5I.xlsx', '1661890', 0),
('202202_5I.xlsx', '1662033', 0),
('202202_5I.xlsx', '1662217', 0),
('202202_5I.xlsx', '1662927', 1),
('202202_5I.xlsx', '1664204', 0),
('202202_5I.xlsx', '1665386', -1),
('202202_5I.xlsx', '1666536', 0),
('202202_5I.xlsx', '1666727', 0),
('202202_5I.xlsx', '1667014', 0),
('202202_5I.xlsx', '1667915', 0),
('202202_5I.xlsx', '1668011', 0),
('202202_5I.xlsx', '1668653', 0),
('202202_5I.xlsx', '1669087', 1),
('202202_5I.xlsx', '1669421', 0),
('202202_5I.xlsx', '1671448', 0),
('202202_5I.xlsx', '1671462', 0),
('202202_5I.xlsx', '1673299', -1),
('202202_5I.xlsx', '1673480', 0),
('202202_5I.xlsx', '1674272', 0),
('202202_5I.xlsx', '1674289', 0),
('202202_5I.xlsx', '1677310', -1),
('202202_5I.xlsx', '1678133', 0),
('202202_5I.xlsx', '1678218', -2),
('202202_5I.xlsx', '1678348', 0),
('202202_5I.xlsx', '1679215', 0),
('202202_5I.xlsx', '1680501', 0),
('202202_5I.xlsx', '1682758', 0),
('202202_5I.xlsx', '1683304', 0),
('202202_5I.xlsx', '1683571', 0),
('202202_5I.xlsx', '1683724', 0),
('202202_5I.xlsx', '1684264', -1),
('202202_5I.xlsx', '1685940', 1),
('202202_5I.xlsx', '1685957', -1),
('202202_5I.xlsx', '1686282', 0),
('202202_5I.xlsx', '1687005', 1),
('202202_5I.xlsx', '1687234', -1),
('202202_5I.xlsx', '1688552', 0),
('202202_5I.xlsx', '1689726', 0),
('202202_5I.xlsx', '1690166', 0),
('202202_5I.xlsx', '1690180', 1),
('202202_5I.xlsx', '1690623', 0),
('202202_5I.xlsx', '1690630', 0),
('202202_5I.xlsx', '1690654', 1),
('202202_5I.xlsx', '1690814', 0),
('202202_5I.xlsx', '1691002', 0),
('202202_5I.xlsx', '1691293', 0),
('202202_5I.xlsx', '1692498', 0),
('202202_5I.xlsx', '1692702', 0),
('202202_5I.xlsx', '1692832', 0),
('202202_5I.xlsx', '1692856', 0),
('202202_5I.xlsx', '1695420', 0),
('202202_5I.xlsx', '1696076', 0),
('202202_5I.xlsx', '1696731', 0),
('202202_5I.xlsx', '1698841', 0),
('202202_5I.xlsx', '1700766', 0),
('202202_5I.xlsx', '1700971', 0),
('202202_5I.xlsx', '1701411', 0),
('202202_5I.xlsx', '1701770', 0),
('202202_5I.xlsx', '1701855', 0),
('202202_5I.xlsx', '1702012', 0),
('202202_5I.xlsx', '1704887', 0),
('202202_5I.xlsx', '1704894', 0),
('202202_5I.xlsx', '1705907', 0),
('202202_5I.xlsx', '1706010', 1),
('202202_5I.xlsx', '1708601', 0),
('202202_5I.xlsx', '1708687', 0),
('202202_5I.xlsx', '1708922', 0),
('202202_5I.xlsx', '1709943', 0),
('202202_5I.xlsx', '1710352', -1),
('202202_5I.xlsx', '1711441', 0),
('202202_5I.xlsx', '1712301', 0),
('202202_5I.xlsx', '1712363', 0),
('202202_5I.xlsx', '1712486', 0),
('202202_5I.xlsx', '1712622', 0),
('202202_5I.xlsx', '1713247', 0),
('202202_5I.xlsx', '1713254', 0),
('202202_5I.xlsx', '1713636', 0),
('202202_5I.xlsx', '1713865', 0),
('202202_5I.xlsx', '1714398', 0),
('202202_5I.xlsx', '1715197', 0),
('202202_5I.xlsx', '1716811', 0),
('202202_5I.xlsx', '1716835', 1),
('202202_5I.xlsx', '1717146', 0),
('202202_5I.xlsx', '1718471', 0),
('202202_5I.xlsx', '1719089', 0),
('202202_5I.xlsx', '1719096', 0),
('202202_5I.xlsx', '1719942', 0),
('202202_5I.xlsx', '1720276', 0),
('202202_5I.xlsx', '1720474', 0),
('202202_5I.xlsx', '1721297', 0),
('202202_5I.xlsx', '1724052', 0),
('202202_5I.xlsx', '1725974', 0),
('202202_5I.xlsx', '1726032', 0),
('202202_5I.xlsx', '1727565', 0),
('202202_5I.xlsx', '1727794', 0),
('202202_5I.xlsx', '1730503', 1),
('202202_5I.xlsx', '1730510', 0),
('202202_5I.xlsx', '1731074', -1),
('202202_5I.xlsx', '1731081', 2),
('202202_5I.xlsx', '1731098', 0),
('202202_5I.xlsx', '1731104', 0),
('202202_5I.xlsx', '1731890', 0),
('202202_5I.xlsx', '1731913', 0),
('202202_5I.xlsx', '1732170', -1),
('202202_5I.xlsx', '1733375', 0),
('202202_5I.xlsx', '1733467', 0),
('202202_5I.xlsx', '1733917', 0),
('202202_5I.xlsx', '1733924', 0),
('202202_5I.xlsx', '1733962', -1),
('202202_5I.xlsx', '1733979', -1),
('202202_5I.xlsx', '1734099', 4),
('202202_5I.xlsx', '1734112', 0),
('202202_5I.xlsx', '1740168', 0),
('202202_5I.xlsx', '1740250', 2),
('202202_5I.xlsx', '1740304', -1),
('202202_5I.xlsx', '1740410', 0),
('202202_5I.xlsx', '1741257', 0),
('202202_5I.xlsx', '1741578', 0),
('202202_5I.xlsx', '1741646', 0),
('202202_5I.xlsx', '1741660', 0),
('202202_5I.xlsx', '1742933', 0),
('202202_5I.xlsx', '1747266', 0),
('202202_5I.xlsx', '1748324', 0),
('202202_5I.xlsx', '1751348', 0),
('202202_5I.xlsx', '1754691', 0),
('202202_5I.xlsx', '1755780', 0),
('202202_5I.xlsx', '1756978', 0),
('202202_5I.xlsx', '1757197', 0),
('202202_5I.xlsx', '1757678', 0),
('202202_5I.xlsx', '1758248', 0),
('202202_5I.xlsx', '1759238', 0),
('202202_5I.xlsx', '1760111', -1),
('202202_5I.xlsx', '1760807', -2),
('202202_5I.xlsx', '1761088', 1),
('202202_5I.xlsx', '1761156', 0),
('202202_5I.xlsx', '1761231', -1),
('202202_5I.xlsx', '1761262', 0),
('202202_5I.xlsx', '1762962', -1),
('202202_5I.xlsx', '1762986', 1),
('202202_5I.xlsx', '1763341', 0),
('202202_5I.xlsx', '1763358', 0),
('202202_5I.xlsx', '1763440', 0),
('202202_5I.xlsx', '1763518', 0),
('202202_5I.xlsx', '1763730', 0),
('202202_5I.xlsx', '1763938', 0),
('202202_5I.xlsx', '1764782', 0),
('202202_5I.xlsx', '1765857', 0),
('202202_5I.xlsx', '1765871', 0),
('202202_5I.xlsx', '1766212', 0),
('202202_5I.xlsx', '1768582', -1),
('202202_5I.xlsx', '1771612', 0),
('202202_5I.xlsx', '1771742', 0),
('202202_5I.xlsx', '1772787', 0),
('202202_5I.xlsx', '1773111', 0),
('202202_5I.xlsx', '1774835', 0),
('202202_5I.xlsx', '1776990', 0),
('202202_5I.xlsx', '1777348', 0),
('202202_5I.xlsx', '1777782', 0),
('202202_5I.xlsx', '1778215', 0),
('202202_5I.xlsx', '1780270', -1),
('202202_5I.xlsx', '1781918', 0),
('202202_5I.xlsx', '1781994', 0),
('202202_5I.xlsx', '1782762', 0),
('202202_5I.xlsx', '1782823', 0),
('202202_5I.xlsx', '1784087', 0),
('202202_5I.xlsx', '1784650', 0),
('202202_5I.xlsx', '1788405', 0),
('202202_5I.xlsx', '1789228', 0),
('202202_5I.xlsx', '1789631', 0),
('202202_5I.xlsx', '1791948', 0),
('202202_5I.xlsx', '1792044', 0),
('202202_5I.xlsx', '1793263', 0),
('202202_5I.xlsx', '1794611', 0),
('202202_5I.xlsx', '1794628', 0),
('202202_5I.xlsx', '1795137', 1),
('202202_5I.xlsx', '1796387', -1),
('202202_5I.xlsx', '1796493', -1),
('202202_5I.xlsx', '1796516', -1),
('202202_5I.xlsx', '1796547', 0),
('202202_5I.xlsx', '1798541', 0),
('202202_5I.xlsx', '1798879', 0),
('202202_5I.xlsx', '1803016', 0),
('202202_5I.xlsx', '1804648', 0),
('202202_5I.xlsx', '1804655', 0),
('202202_5I.xlsx', '1804662', 0),
('202202_5I.xlsx', '1806475', 0),
('202202_5I.xlsx', '1807991', 0),
('202202_5I.xlsx', '1808523', 1),
('202202_5I.xlsx', '1808530', 1),
('202202_5I.xlsx', '1808547', 0),
('202202_5I.xlsx', '1808936', 0),
('202202_5I.xlsx', '1809001', 0),
('202202_5I.xlsx', '1814784', 0),
('202202_5I.xlsx', '1815705', 0),
('202202_5I.xlsx', '1815989', -1),
('202202_5I.xlsx', '1816597', 0),
('202202_5I.xlsx', '1816658', 1),
('202202_5I.xlsx', '1817150', 0),
('202202_5I.xlsx', '1818515', 0),
('202202_5I.xlsx', '1818584', 0),
('202202_5I.xlsx', '1818645', 0),
('202202_5I.xlsx', '1821003', 0),
('202202_5I.xlsx', '1822727', -1),
('202202_5I.xlsx', '1826244', 0),
('202202_5I.xlsx', '1826428', 0),
('202202_5I.xlsx', '1827203', 0),
('202202_5I.xlsx', '1829658', 1),
('202202_5I.xlsx', '1829801', 0),
('202202_5I.xlsx', '1829986', 0),
('202202_5I.xlsx', '1831590', 0),
('202202_5I.xlsx', '1831644', 0),
('202202_5I.xlsx', '1832177', 1),
('202202_5I.xlsx', '1832191', 1),
('202202_5I.xlsx', '1832924', 0),
('202202_5I.xlsx', '1833136', 0),
('202202_5I.xlsx', '1836472', 0),
('202202_5I.xlsx', '1837882', 0),
('202202_5I.xlsx', '1838384', 0),
('202202_5I.xlsx', '1838902', 0),
('202202_5I.xlsx', '1839060', 0),
('202202_5I.xlsx', '1842169', 0),
('202202_5I.xlsx', '1843128', 0),
('202202_5I.xlsx', '1843340', 0),
('202202_5I.xlsx', '1847010', 0),
('202202_5I.xlsx', '1847171', 0),
('202202_5I.xlsx', '1847188', -1),
('202202_5I.xlsx', '1847553', 0),
('202202_5I.xlsx', '1847690', 1),
('202202_5I.xlsx', '1847713', 0),
('202202_5I.xlsx', '1847720', 0),
('202202_5I.xlsx', '1847737', 0),
('202202_5I.xlsx', '1848376', 0),
('202202_5I.xlsx', '1849335', 0),
('202202_5I.xlsx', '1849410', 0),
('202202_5I.xlsx', '1851574', 0),
('202202_5I.xlsx', '1851734', 0),
('202202_5I.xlsx', '1854155', 0),
('202202_5I.xlsx', '1854841', 0),
('202202_5I.xlsx', '1854971', 0),
('202202_5I.xlsx', '1855107', 0),
('202202_5I.xlsx', '1855374', 0),
('202202_5I.xlsx', '1856517', -1),
('202202_5I.xlsx', '1858252', 0),
('202202_5I.xlsx', '1858627', 0),
('202202_5I.xlsx', '1860170', -1),
('202202_5I.xlsx', '1861368', 1),
('202202_5I.xlsx', '1863744', 0),
('202202_5I.xlsx', '1864383', 1),
('202202_5I.xlsx', '1864659', 0),
('202202_5I.xlsx', '1865007', 1),
('202202_5I.xlsx', '1866042', 0),
('202202_5I.xlsx', '1867025', 0),
('202202_5I.xlsx', '1867827', 0),
('202202_5I.xlsx', '1869388', 0),
('202202_5I.xlsx', '1870179', 0),
('202202_5I.xlsx', '1870506', 0),
('202202_5I.xlsx', '1871640', 0),
('202202_5I.xlsx', '1871824', 0),
('202202_5I.xlsx', '1872043', -1),
('202202_5I.xlsx', '1872050', 0),
('202202_5I.xlsx', '1872098', 0),
('202202_5I.xlsx', '1872104', 0),
('202202_5I.xlsx', '1872135', 0),
('202202_5I.xlsx', '1872166', 0),
('202202_5I.xlsx', '1872180', 0),
('202202_5I.xlsx', '1872203', 0),
('202202_5I.xlsx', '1872210', 0),
('202202_5I.xlsx', '1872470', 0),
('202202_5I.xlsx', '1872739', 0),
('202202_5I.xlsx', '1876515', 0),
('202202_5I.xlsx', '1879042', 0),
('202202_5I.xlsx', '1879585', 0),
('202202_5I.xlsx', '1881274', -1),
('202202_5I.xlsx', '1881540', -1),
('202202_5I.xlsx', '1884152', 0),
('202202_5I.xlsx', '1884169', 0),
('202202_5I.xlsx', '1884206', 0),
('202202_5I.xlsx', '1884657', 0),
('202202_5I.xlsx', '1886361', 0),
('202202_5I.xlsx', '1892430', 0),
('202202_5I.xlsx', '1892591', 0),
('202202_5I.xlsx', '1893185', 0),
('202202_5I.xlsx', '1894342', 0),
('202202_5I.xlsx', '1895578', 0),
('202202_5I.xlsx', '1895844', 1),
('202202_5I.xlsx', '1895868', 0),
('202202_5I.xlsx', '1897039', 0),
('202202_5I.xlsx', '1897343', 0),
('202202_5I.xlsx', '1897350', 0),
('202202_5I.xlsx', '1902313', -1),
('202202_5I.xlsx', '1903327', 0),
('202202_5I.xlsx', '1905369', 0),
('202202_5I.xlsx', '1907288', 0),
('202202_5I.xlsx', '1908247', 0),
('202202_5I.xlsx', '1908285', 0),
('202202_5I.xlsx', '1910080', 1),
('202202_5I.xlsx', '1910097', 0),
('202202_5I.xlsx', '1912565', 0),
('202202_5I.xlsx', '1914569', 0),
('202202_5I.xlsx', '1915153', 0),
('202202_5I.xlsx', '1915504', 0),
('202202_5I.xlsx', '1917850', 0),
('202202_5I.xlsx', '1918260', 0),
('202202_5I.xlsx', '1919731', 1),
('202202_5I.xlsx', '1921932', 0),
('202202_5I.xlsx', '1922298', 0),
('202202_5I.xlsx', '1922946', 1),
('202202_5I.xlsx', '1923776', 0),
('202202_5I.xlsx', '1923936', 0),
('202202_5I.xlsx', '1925268', 0),
('202202_5I.xlsx', '1925664', 0),
('202202_5I.xlsx', '1925725', 0),
('202202_5I.xlsx', '1925732', 0),
('202202_5I.xlsx', '1925954', 0),
('202202_5I.xlsx', '1927170', 0),
('202202_5I.xlsx', '1929174', 0),
('202202_5I.xlsx', '1929181', 0),
('202202_5I.xlsx', '1930743', -1),
('202202_5I.xlsx', '1930989', 0),
('202202_5I.xlsx', '1933034', 0),
('202202_5I.xlsx', '1934086', 0),
('202202_5I.xlsx', '1934109', 0),
('202202_5I.xlsx', '1934130', 1),
('202202_5I.xlsx', '1935625', 0),
('202202_5I.xlsx', '1935915', 0),
('202202_5I.xlsx', '1940100', -1),
('202202_5I.xlsx', '1940247', 0),
('202202_5I.xlsx', '1940513', 0),
('202202_5I.xlsx', '1942579', -1),
('202202_5I.xlsx', '1943453', 0),
('202202_5I.xlsx', '1945259', 0),
('202202_5I.xlsx', '1948519', 1),
('202202_5I.xlsx', '1948595', 0),
('202202_5I.xlsx', '1949608', 0),
('202202_5I.xlsx', '1950925', 0),
('202202_5I.xlsx', '1951960', 0),
('202202_5I.xlsx', '1952387', 0),
('202202_5I.xlsx', '1952400', 0),
('202202_5I.xlsx', '1952776', 0),
('202202_5I.xlsx', '1953254', 0),
('202202_5I.xlsx', '1953308', 0),
('202202_5I.xlsx', '1953841', 0),
('202202_5I.xlsx', '1954091', 0),
('202202_5I.xlsx', '1954657', 0),
('202202_5I.xlsx', '1954671', 0),
('202202_5I.xlsx', '1954688', 0),
('202202_5I.xlsx', '1954800', 0),
('202202_5I.xlsx', '1954817', 1),
('202202_5I.xlsx', '1956385', 0),
('202202_5I.xlsx', '1959140', -1),
('202202_5I.xlsx', '1960252', -1),
('202202_5I.xlsx', '1963604', 0),
('202202_5I.xlsx', '1963789', 0),
('202202_5I.xlsx', '1969637', 0),
('202202_5I.xlsx', '1970565', 0),
('202202_5I.xlsx', '1971920', 1),
('202202_5I.xlsx', '1974051', 0),
('202202_5I.xlsx', '1977762', 0),
('202202_5I.xlsx', '1979957', 0),
('202202_5I.xlsx', '1980052', 0),
('202202_5I.xlsx', '1984142', 0),
('202202_5I.xlsx', '1990495', 0),
('202202_5I.xlsx', '1995285', 0),
('202202_5I.xlsx', '1995292', 0),
('202202_5I.xlsx', '1995766', 0),
('202202_5I.xlsx', '1996589', 0),
('202202_5I.xlsx', '1998439', 0),
('202202_5I.xlsx', '2000698', 0),
('202202_5I.xlsx', '2002722', 0),
('202202_5I.xlsx', '2005372', -1),
('202202_5I.xlsx', '2005990', 2),
('202202_5I.xlsx', '2006102', 0),
('202202_5I.xlsx', '2016279', 1),
('202202_5I.xlsx', '2027282', 0),
('202202_5I.xlsx', '2031333', 0),
('202202_5I.xlsx', '2037175', 0),
('202202_5I.xlsx', '2047037', 0),
('202202_5I.xlsx', '2050211', 0),
('202202_5I.xlsx', '2051201', 0),
('202202_5I.xlsx', '2052017', -4),
('202202_5I.xlsx', '2056336', 0),
('202202_5I.xlsx', '2061934', 0),
('202202_5I.xlsx', '2063754', 0),
('202202_5I.xlsx', '2068964', 0),
('202202_5I.xlsx', '2071599', 0),
('202202_5I.xlsx', '2083974', 0),
('202202_5I.xlsx', '2084964', 0),
('202202_5I.xlsx', '2088351', 0),
('202202_5I.xlsx', '2095144', 0),
('202202_5I.xlsx', '2096271', 0),
('202202_5I.xlsx', '2097001', 0),
('202202_5I.xlsx', '2098411', 0),
('202202_5I.xlsx', '2098589', 0),
('202202_5I.xlsx', '2105782', -2),
('202202_5I.xlsx', '2107168', 0),
('202202_5I.xlsx', '2107403', 0),
('202202_5I.xlsx', '2112193', 1),
('202202_5I.xlsx', '2112506', 0),
('202202_5I.xlsx', '2117303', 0),
('202202_5I.xlsx', '2141223', 0),
('202202_5I.xlsx', '2148413', -1),
('202202_5I.xlsx', '2170254', 0),
('202202_5I.xlsx', '2182790', -1),
('202202_5I.xlsx', '2197749', -1),
('202202_5I.xlsx', '2197831', 0),
('202202_5I.xlsx', '2213821', 0),
('202202_5I.xlsx', '2215498', 0),
('202202_5I.xlsx', '2217478', 0),
('202202_5I.xlsx', '2218796', 0),
('202202_5I.xlsx', '2272729', 0),
('202202_5I.xlsx', '2294196', 0),
('202202_5I.xlsx', '2302297', 0),
('202202_5I.xlsx', '2302433', 0),
('202202_5I.xlsx', '2306653', 0),
('202202_5I.xlsx', '2306660', -1),
('202202_5I.xlsx', '2318786', 0),
('202202_5I.xlsx', '2323575', 0),
('202202_5I.xlsx', '2327771', 0),
('202202_5I.xlsx', '2328761', -3),
('202202_5I.xlsx', '2335363', 0),
('202202_5I.xlsx', '2336117', 0),
('202202_5I.xlsx', '2336124', 0),
('202202_5I.xlsx', '2336131', 0),
('202202_5I.xlsx', '2336148', 0),
('202202_5I.xlsx', '2336179', 0),
('202202_5I.xlsx', '2347915', 1),
('202202_5I.xlsx', '2352421', 0),
('202202_5I.xlsx', '2355071', 0),
('202202_5I.xlsx', '2379909', 0),
('202202_5I.xlsx', '2380141', 0),
('202202_5I.xlsx', '2384934', -2),
('202202_5I.xlsx', '2388086', 0),
('202202_5I.xlsx', '2395749', 0),
('202202_5I.xlsx', '2396937', 0),
('202202_5I.xlsx', '2397989', -1),
('202202_5I.xlsx', '2399624', 0),
('202202_5I.xlsx', '2402188', 0),
('202202_5I.xlsx', '2402423', 0),
('202202_5I.xlsx', '2405158', 0),
('202202_5I.xlsx', '2409521', 0),
('202202_5I.xlsx', '2410008', 0),
('202202_5I.xlsx', '2427921', 0),
('202202_5I.xlsx', '2428188', 0),
('202202_5I.xlsx', '2428423', 0),
('202202_5I.xlsx', '2428591', 0),
('202202_5I.xlsx', '2429253', 0),
('202202_5I.xlsx', '2429666', 0),
('202202_5I.xlsx', '2429901', 0),
('202202_5I.xlsx', '2431706', 0),
('202202_5I.xlsx', '2440463', 0),
('202202_5I.xlsx', '2453326', 0),
('202202_5I.xlsx', '2453654', 0),
('202202_5I.xlsx', '2457614', 0),
('202202_5I.xlsx', '2461161', 0),
('202202_5I.xlsx', '2473539', 0),
('202202_5I.xlsx', '2482944', 0),
('202202_5I.xlsx', '2485266', 0),
('202202_5I.xlsx', '2487352', 0),
('202202_5I.xlsx', '2491038', -1),
('202202_5I.xlsx', '2511972', -1),
('202202_5I.xlsx', '2523463', -1),
('202202_5I.xlsx', '2530249', 0),
('202202_5I.xlsx', '2530287', 0),
('202202_5I.xlsx', '2531536', 0),
('202202_5I.xlsx', '2556812', -1),
('202202_5I.xlsx', '2565531', 0),
('202202_5I.xlsx', '2582361', 0),
('202202_5I.xlsx', '2586659', 0),
('202202_5I.xlsx', '2594081', 0),
('202202_5I.xlsx', '2595729', -1),
('202202_5I.xlsx', '2627741', 2),
('202202_5I.xlsx', '2642379', 0),
('202202_5I.xlsx', '2651678', 0),
('202202_5I.xlsx', '2663381', 0),
('202202_5I.xlsx', '2674356', -1),
('202202_5I.xlsx', '2683679', 1),
('202202_5I.xlsx', '2684096', 0),
('202202_5I.xlsx', '2692091', 0),
('202202_5I.xlsx', '2692664', 0),
('202202_5I.xlsx', '2693098', 0),
('202202_5I.xlsx', '2697614', 0),
('202202_5I.xlsx', '2698604', 0),
('202202_5I.xlsx', '2699236', 0),
('202202_5I.xlsx', '2699694', 0),
('202202_5I.xlsx', '2777316', 0),
('202202_5I.xlsx', '2885141', 0),
('202202_5I.xlsx', '2918726', 0),
('202202_5I.xlsx', '3000611', 0),
('202202_5I.xlsx', '3002363', 1),
('202202_5I.xlsx', '3002936', 0),
('202202_5I.xlsx', '3003193', 0),
('202202_5I.xlsx', '3004671', 0),
('202202_5I.xlsx', '3008303', 0),
('202202_5I.xlsx', '3008488', 0),
('202202_5I.xlsx', '3014403', 0),
('202202_5I.xlsx', '3023399', 0),
('202202_5I.xlsx', '3040556', 0),
('202202_5I.xlsx', '3042611', 0),
('202202_5I.xlsx', '3059794', -1),
('202202_5I.xlsx', '3076241', 0),
('202202_5I.xlsx', '3087575', 0),
('202202_5I.xlsx', '3096669', 0),
('202202_5I.xlsx', '3099226', 0),
('202202_5I.xlsx', '3109956', 1),
('202202_5I.xlsx', '3123716', 0),
('202202_5I.xlsx', '3139403', 0),
('202202_5I.xlsx', '3139991', 0),
('202202_5I.xlsx', '3140218', -1),
('202202_5I.xlsx', '3152532', 0),
('202202_5I.xlsx', '3156639', 0),
('202202_5I.xlsx', '3158046', -1),
('202202_5I.xlsx', '3169271', 1),
('202202_5I.xlsx', '3183604', 0),
('202202_5I.xlsx', '3201018', 0),
('202202_5I.xlsx', '3212816', 0),
('202202_5I.xlsx', '3217378', 0),
('202202_5I.xlsx', '3226363', 0),
('202202_5I.xlsx', '3239233', 0),
('202202_5I.xlsx', '3264877', 0),
('202202_5I.xlsx', '3266116', 0),
('202202_5I.xlsx', '3269032', 0),
('202202_5I.xlsx', '3273046', 0),
('202202_5I.xlsx', '3303811', 0),
('202202_5I.xlsx', '3306713', 0),
('202202_5I.xlsx', '3306966', 1),
('202202_5I.xlsx', '3308946', 1),
('202202_5I.xlsx', '3310666', 1),
('202202_5I.xlsx', '3311328', 0),
('202202_5I.xlsx', '3318273', 0),
('202202_5I.xlsx', '3333771', 0),
('202202_5I.xlsx', '3335188', -1),
('202202_5I.xlsx', '3335911', 0),
('202202_5I.xlsx', '3341851', 0),
('202202_5I.xlsx', '3360166', 0),
('202202_5I.xlsx', '3366106', 0),
('202202_5I.xlsx', '3366366', 0),
('202202_5I.xlsx', '3378734', 0),
('202202_5I.xlsx', '3379199', 0),
('202202_5I.xlsx', '3398206', 0),
('202202_5I.xlsx', '3402088', -1),
('202202_5I.xlsx', '3406581', 0),
('202202_5I.xlsx', '3422611', 0),
('202202_5I.xlsx', '3428651', 0),
('202202_5I.xlsx', '3429528', 0),
('202202_5I.xlsx', '3429535', -1),
('202202_5I.xlsx', '3441438', 0),
('202202_5I.xlsx', '3441902', -1),
('202202_5I.xlsx', '3452601', 0),
('202202_5I.xlsx', '3466509', 0),
('202202_5I.xlsx', '3467674', 0),
('202202_5I.xlsx', '3468725', 0),
('202202_5I.xlsx', '3481434', -1),
('202202_5I.xlsx', '3484411', 0),
('202202_5I.xlsx', '3484589', 0),
('202202_5I.xlsx', '3485593', 0),
('202202_5I.xlsx', '3488211', 1),
('202202_5I.xlsx', '3497879', 0),
('202202_5I.xlsx', '3502016', 1),
('202202_5I.xlsx', '3502689', 0),
('202202_5I.xlsx', '3516013', 0),
('202202_5I.xlsx', '3542258', -1),
('202202_5I.xlsx', '3547048', 0),
('202202_5I.xlsx', '3559096', -1),
('202202_5I.xlsx', '3567091', 0),
('202202_5I.xlsx', '3588201', 0),
('202202_5I.xlsx', '3599436', -1),
('202202_5I.xlsx', '3604048', 1),
('202202_5I.xlsx', '3615761', 0),
('202202_5I.xlsx', '3624428', 0),
('202202_5I.xlsx', '3638876', 0),
('202202_5I.xlsx', '3659574', 0),
('202202_5I.xlsx', '3697026', 0),
('202202_5I.xlsx', '3707343', 0),
('202202_5I.xlsx', '3720113', 0),
('202202_5I.xlsx', '3731751', 0),
('202202_5I.xlsx', '3742726', 0),
('202202_5I.xlsx', '3764186', -1),
('202202_5I.xlsx', '3769884', 0),
('202202_5I.xlsx', '3770446', 0),
('202202_5I.xlsx', '3788021', 0),
('202202_5I.xlsx', '3793544', -1),
('202202_5I.xlsx', '3795296', 0),
('202202_5I.xlsx', '3821278', 0),
('202202_5I.xlsx', '3828871', 0),
('202202_5I.xlsx', '3830188', 0),
('202202_5I.xlsx', '3831338', -1),
('202202_5I.xlsx', '3836876', 0),
('202202_5I.xlsx', '3837033', 1),
('202202_5I.xlsx', '3839198', 0),
('202202_5I.xlsx', '3839501', 0),
('202202_5I.xlsx', '3839686', -1),
('202202_5I.xlsx', '3839921', 0),
('202202_5I.xlsx', '3846776', 0),
('202202_5I.xlsx', '3848008', 0),
('202202_5I.xlsx', '3860031', 0),
('202202_5I.xlsx', '3880589', 0),
('202202_5I.xlsx', '3918473', 0),
('202202_5I.xlsx', '3926881', 0),
('202202_5I.xlsx', '3936033', 0),
('202202_5I.xlsx', '3954914', 0),
('202202_5I.xlsx', '3956321', 0),
('202202_5I.xlsx', '3956406', 0),
('202202_5I.xlsx', '3968799', 0),
('202202_5I.xlsx', '3968874', 0),
('202202_5I.xlsx', '3989091', 0),
('202202_5I.xlsx', '3994934', -1),
('202202_5I.xlsx', '3997744', 0),
('202202_5I.xlsx', '4000818', 0),
('202202_5I.xlsx', '4000849', 0),
('202202_5I.xlsx', '4178579', 0),
('202202_5I.xlsx', '4178654', 0),
('202202_5I.xlsx', '4349771', 0),
('202202_5I.xlsx', '4349856', 0),
('202202_5I.xlsx', '4349931', 0),
('202202_5I.xlsx', '4410976', 0),
('202202_5I.xlsx', '4411058', 0),
('202202_5I.xlsx', '4425741', 0),
('202202_5I.xlsx', '4426656', 0),
('202202_5I.xlsx', '4519891', 0),
('202202_5I.xlsx', '4540666', 1),
('202202_5I.xlsx', '4558326', 0),
('202202_5I.xlsx', '4562514', 0),
('202202_5I.xlsx', '4597929', 0),
('202202_5I.xlsx', '4598186', 0),
('202202_5I.xlsx', '4602616', 1),
('202202_5I.xlsx', '4602951', 1),
('202202_5I.xlsx', '4604283', 0),
('202202_5I.xlsx', '4611861', -1),
('202202_5I.xlsx', '4616811', 0),
('202202_5I.xlsx', '4617153', 0),
('202202_5I.xlsx', '4625073', 0),
('202202_5I.xlsx', '4625158', 0),
('202202_5I.xlsx', '4625981', 0),
('202202_5I.xlsx', '4633313', 0),
('202202_5I.xlsx', '4633498', 0),
('202202_5I.xlsx', '4639926', 0),
('202202_5I.xlsx', '4640083', 0),
('202202_5I.xlsx', '4640243', 0),
('202202_5I.xlsx', '4640656', -1),
('202202_5I.xlsx', '4648836', -1),
('202202_5I.xlsx', '4648911', 0),
('202202_5I.xlsx', '4694529', 0),
('202202_5I.xlsx', '4694604', -1),
('202202_5I.xlsx', '4701128', 2),
('202202_5I.xlsx', '4701203', -1),
('202202_5I.xlsx', '4701388', 0),
('202202_5I.xlsx', '4712438', -1),
('202202_5I.xlsx', '4712766', 0),
('202202_5I.xlsx', '4714258', 0),
('202202_5I.xlsx', '4714821', -1),
('202202_5I.xlsx', '4715163', 2),
('202202_5I.xlsx', '4715408', 1),
('202202_5I.xlsx', '4715736', 0),
('202202_5I.xlsx', '4716153', 0),
('202202_5I.xlsx', '4719208', 0),
('202202_5I.xlsx', '4726626', -1),
('202202_5I.xlsx', '4726701', 1),
('202202_5I.xlsx', '4728293', 1),
('202202_5I.xlsx', '4730906', 1),
('202202_5I.xlsx', '4731088', 1),
('202202_5I.xlsx', '4749731', 0),
('202202_5I.xlsx', '4761764', 0),
('202202_5I.xlsx', '4762426', 0),
('202202_5I.xlsx', '4762679', 1),
('202202_5I.xlsx', '4762839', 0),
('202202_5I.xlsx', '4765809', 0),
('202202_5I.xlsx', '4783216', 1),
('202202_5I.xlsx', '4783889', 0),
('202202_5I.xlsx', '4784879', 0),
('202202_5I.xlsx', '4792041', 0),
('202202_5I.xlsx', '4795011', 1),
('202202_5I.xlsx', '4800876', 2),
('202202_5I.xlsx', '4809541', 1),
('202202_5I.xlsx', '4809701', 0),
('202202_5I.xlsx', '4821581', 0),
('202202_5I.xlsx', '4821741', 0),
('202202_5I.xlsx', '4831641', 0),
('202202_5I.xlsx', '4833218', 0),
('202202_5I.xlsx', '4834048', 1),
('202202_5I.xlsx', '4841626', 0),
('202202_5I.xlsx', '4841886', 0),
('202202_5I.xlsx', '4841961', 0),
('202202_5I.xlsx', '4843033', 1),
('202202_5I.xlsx', '4843118', 0),
('202202_5I.xlsx', '4843378', 1),
('202202_5I.xlsx', '4843781', 1),
('202202_5I.xlsx', '4848816', -1),
('202202_5I.xlsx', '4849721', 1),
('202202_5I.xlsx', '4851281', 0),
('202202_5I.xlsx', '4851854', 0),
('202202_5I.xlsx', '4863161', 0),
('202202_5I.xlsx', '4863246', 1),
('202202_5I.xlsx', '4863321', 0),
('202202_5I.xlsx', '4864984', 0),
('202202_5I.xlsx', '4865301', 1),
('202202_5I.xlsx', '4871654', 0),
('202202_5I.xlsx', '4871739', 0),
('202202_5I.xlsx', '4873221', 0),
('202202_5I.xlsx', '4884869', 0),
('202202_5I.xlsx', '4888256', 1),
('202202_5I.xlsx', '4888669', 0),
('202202_5I.xlsx', '4892789', 0),
('202202_5I.xlsx', '4893694', 1),
('202202_5I.xlsx', '4907483', 2),
('202202_5I.xlsx', '4910926', 0),
('202202_5I.xlsx', '4921168', 0),
('202202_5I.xlsx', '4921328', 0),
('202202_5I.xlsx', '4930801', 1),
('202202_5I.xlsx', '4939576', 0),
('202202_5I.xlsx', '4943856', 1),
('202202_5I.xlsx', '4944013', 0),
('202202_5I.xlsx', '4944198', 1),
('202202_5I.xlsx', '4963564', 0),
('202202_5I.xlsx', '4967784', 0),
('202202_5I.xlsx', '4976939', 0),
('202202_5I.xlsx', '4988246', 0),
('202202_5I.xlsx', '4988406', 0),
('202202_5I.xlsx', '6504697', 1),
('202202_5I.xlsx', '6530412', 0),
('202202_5I.xlsx', '6536070', 0),
('202202_5I.xlsx', '6543528', 0),
('202202_5I.xlsx', '6597132', 2),
('202202_5I.xlsx', '6597880', 1),
('202202_5I.xlsx', '6600597', 0),
('202202_5I.xlsx', '6600610', 1),
('202202_5I.xlsx', '6613177', 0),
('202202_5I.xlsx', '6613191', 0),
('202202_5I.xlsx', '6618943', 0),
('202202_5I.xlsx', '6625071', 0),
('202202_5I.xlsx', '6639795', 0),
('202202_5I.xlsx', '6658284', -1),
('202202_5I.xlsx', '6672488', 0),
('202202_5I.xlsx', '6672662', 0),
('202202_5I.xlsx', '6676141', 1),
('202202_5I.xlsx', '6695838', 0),
('202202_5I.xlsx', '6702390', 0),
('202202_5I.xlsx', '6702437', 0),
('202202_5I.xlsx', '6705612', 0),
('202202_5I.xlsx', '6730942', 0),
('202202_5I.xlsx', '6731000', 0),
('202202_5I.xlsx', '6731024', 0),
('202202_5I.xlsx', '6735008', 1),
('202202_5I.xlsx', '6735176', 0),
('202202_5I.xlsx', '6736012', 1),
('202202_5I.xlsx', '6862346', 1),
('202202_5I.xlsx', '6862551', 0),
('202202_5I.xlsx', '6868461', 0),
('202202_5I.xlsx', '6871393', 0),
('202202_5I.xlsx', '6889657', -1),
('202202_5I.xlsx', '6892541', 0),
('202202_5I.xlsx', '6926932', 0),
('202202_5I.xlsx', '6933497', 0),
('202202_5I.xlsx', '6933503', 0),
('202202_5I.xlsx', '6940372', 0),
('202202_5I.xlsx', '6940389', 0),
('202202_5I.xlsx', '6945186', 0),
('202202_5I.xlsx', '6983607', 0),
('202202_5I.xlsx', '6985793', 0),
('202202_5I.xlsx', '7014072', 0),
('202202_5I.xlsx', '7021544', 1),
('202202_5I.xlsx', '7022404', 0),
('202202_5I.xlsx', '7049319', 0),
('202202_5I.xlsx', '7063360', -1),
('202202_5I.xlsx', '7071822', 0),
('202202_5I.xlsx', '7083672', -1),
('202202_5I.xlsx', '7085829', 0),
('202202_5I.xlsx', '7102663', 0),
('202202_5I.xlsx', '7104193', 2),
('202202_5I.xlsx', '7104209', 0),
('202202_5I.xlsx', '7106760', 0),
('202202_5I.xlsx', '7114123', 0),
('202202_5I.xlsx', '7119937', 2),
('202202_5I.xlsx', '7131229', 0),
('202202_5I.xlsx', '7150206', 0),
('202202_5I.xlsx', '7160670', 0),
('202202_5I.xlsx', '7209676', 0),
('202202_5I.xlsx', '7210344', 3),
('202202_5I.xlsx', '7211808', 0),
('202202_5I.xlsx', '7265542', -1),
('202202_5I.xlsx', '7365044', 1),
('202202_5I.xlsx', '7659419', 0),
('202202_5I.xlsx', '8396542', 0),
('202202_5I.xlsx', '8496792', -2),
('202202_5I.xlsx', '8649914', 0),
('202202_5I.xlsx', '8828609', 1),
('202202_5I.xlsx', '8856817', 1),
('202202_5I.xlsx', '8861682', 1),
('202202_5I.xlsx', '9109684', 0),
('202202_5I.xlsx', '9842864', 0),
('202202_5I.xlsx', '9901271', 0),
('202202_5I.xlsx', '9961992', 0),
('202202_5I.xlsx', '9998202', 0);

-- --------------------------------------------------------

--
-- Estructura de tabla para la tabla `users`
--

CREATE TABLE `users` (
  `user_id` int(10) UNSIGNED NOT NULL,
  `user_dni` varchar(10) NOT NULL,
  `user_email` varchar(255) CHARACTER SET utf8 COLLATE utf8_spanish_ci NOT NULL DEFAULT '',
  `user_avatar` varchar(255) NOT NULL,
  `user_name` varchar(255) CHARACTER SET utf8 COLLATE utf8_spanish_ci NOT NULL DEFAULT '',
  `user_lastname` varchar(255) CHARACTER SET utf8 COLLATE utf8_spanish_ci NOT NULL DEFAULT '',
  `user_phone` varchar(60) CHARACTER SET utf8 COLLATE utf8_spanish_ci NOT NULL DEFAULT '',
  `user_imagen` varchar(60) CHARACTER SET utf8 COLLATE utf8_spanish_ci NOT NULL DEFAULT '',
  `user_fecha_nacimiento` varchar(60) CHARACTER SET utf8 COLLATE utf8_spanish_ci NOT NULL DEFAULT '',
  `user_sexo` varchar(10) NOT NULL,
  `user_monedero` decimal(7,2) NOT NULL,
  `user_address` varchar(200) NOT NULL,
  `user_codigo_postal` varchar(15) NOT NULL,
  `user_localidad` varchar(10) NOT NULL,
  `user_id_provincia` int(10) NOT NULL,
  `user_club` varchar(100) NOT NULL,
  `user_menor` varchar(100) NOT NULL,
  `user_dni_tutor` varchar(100) NOT NULL,
  `user_nombre_tutor` varchar(100) NOT NULL,
  `user_nacionalidad` int(4) NOT NULL,
  `user_about` varchar(60) CHARACTER SET utf8 COLLATE utf8_spanish_ci NOT NULL DEFAULT '',
  `user_type` tinyint(1) NOT NULL DEFAULT '1',
  `user_active` tinyint(1) NOT NULL DEFAULT '1',
  `user_borrado` tinyint(4) NOT NULL DEFAULT '0',
  `user_pwd` varchar(255) NOT NULL,
  `user_pwd_old` varchar(255) NOT NULL,
  `user_pwd_token` varchar(255) NOT NULL,
  `user_selectorvalidator` varchar(255) DEFAULT NULL,
  `user_hashedvalidator` varchar(255) DEFAULT NULL,
  `user_created_by` tinyint(1) NOT NULL DEFAULT '0',
  `user_create_time` timestamp NULL DEFAULT CURRENT_TIMESTAMP,
  `user_pwd_seed` varchar(255) DEFAULT NULL,
  `user_pwd_seed_time` timestamp NULL DEFAULT NULL
) ENGINE=InnoDB DEFAULT CHARSET=utf8;

--
-- Volcado de datos para la tabla `users`
--

INSERT INTO `users` (`user_id`, `user_dni`, `user_email`, `user_avatar`, `user_name`, `user_lastname`, `user_phone`, `user_imagen`, `user_fecha_nacimiento`, `user_sexo`, `user_monedero`, `user_address`, `user_codigo_postal`, `user_localidad`, `user_id_provincia`, `user_club`, `user_menor`, `user_dni_tutor`, `user_nombre_tutor`, `user_nacionalidad`, `user_about`, `user_type`, `user_active`, `user_borrado`, `user_pwd`, `user_pwd_old`, `user_pwd_token`, `user_selectorvalidator`, `user_hashedvalidator`, `user_created_by`, `user_create_time`, `user_pwd_seed`, `user_pwd_seed_time`) VALUES
(1, '', 'admin@pedidoslab.com', '', 'admin', '', '', '', '', '', '0.00', '', '', '', 0, '', '', '', '', 0, '', 0, 1, 0, '$2y$10$uoSR3IIR397CC2JTo5HZRuE8x5Gz79ktNsEs9KHUluyDm3j0SaVmm', '', '', '1:LwtM#0775', '$2y$10$2yjVrIC4Y6efJPv/SdmhVOJaRytOKkvq.x2XAurzN1AZgjcjxHdhC', 0, '2020-02-17 07:11:57', NULL, NULL);

--
-- Índices para tablas volcadas
--

--
-- Indices de la tabla `admins_permissions`
--
ALTER TABLE `admins_permissions`
  ADD PRIMARY KEY (`user_id`,`permission_id`);

--
-- Indices de la tabla `auth_login_fail`
--
ALTER TABLE `auth_login_fail`
  ADD KEY `log_id` (`log_id`);

--
-- Indices de la tabla `auth_login_success`
--
ALTER TABLE `auth_login_success`
  ADD KEY `log_id` (`log_id`);

--
-- Indices de la tabla `condiciones`
--
ALTER TABLE `condiciones`
  ADD PRIMARY KEY (`condicion_id`),
  ADD KEY `laboratorio_id` (`laboratorio_id`);

--
-- Indices de la tabla `condiciones_productos`
--
ALTER TABLE `condiciones_productos`
  ADD PRIMARY KEY (`condicion_id`,`cod_nacional`),
  ADD KEY `cod_nacional` (`cod_nacional`,`condicion_id`);

--
-- Indices de la tabla `condiciones_proveedor_multiple`
--
ALTER TABLE `condiciones_proveedor_multiple`
  ADD PRIMARY KEY (`condicion_id`,`proveedor_id`);

--
-- Indices de la tabla `excel_incrementales`
--
ALTER TABLE `excel_incrementales`
  ADD PRIMARY KEY (`nombre_excel`);

--
-- Indices de la tabla `laboratorios`
--
ALTER TABLE `laboratorios`
  ADD PRIMARY KEY (`laboratorio_id`);

--
-- Indices de la tabla `log_acciones`
--
ALTER TABLE `log_acciones`
  ADD PRIMARY KEY (`log_id`),
  ADD KEY `user_id` (`user_id`);

--
-- Indices de la tabla `pedidos`
--
ALTER TABLE `pedidos`
  ADD PRIMARY KEY (`pedido_id`),
  ADD KEY `proveedor_id` (`proveedor_id`);

--
-- Indices de la tabla `pedidostmp_productos`
--
ALTER TABLE `pedidostmp_productos`
  ADD PRIMARY KEY (`proveedor_id`,`cod_nacional`),
  ADD KEY `cod_nacional` (`cod_nacional`);

--
-- Indices de la tabla `pedidostmp_promociones`
--
ALTER TABLE `pedidostmp_promociones`
  ADD PRIMARY KEY (`pedidopromotmp_id`),
  ADD KEY `proveedor_id` (`proveedor_id`);

--
-- Indices de la tabla `pedidos_productos`
--
ALTER TABLE `pedidos_productos`
  ADD PRIMARY KEY (`pedido_id`,`cod_nacional`),
  ADD KEY `cod_nacional` (`cod_nacional`);

--
-- Indices de la tabla `pedidos_promociones`
--
ALTER TABLE `pedidos_promociones`
  ADD PRIMARY KEY (`pedidopromo_id`),
  ADD KEY `pedido_id` (`pedido_id`);

--
-- Indices de la tabla `productos`
--
ALTER TABLE `productos`
  ADD PRIMARY KEY (`cod_nacional`);

--
-- Indices de la tabla `proveedores`
--
ALTER TABLE `proveedores`
  ADD PRIMARY KEY (`proveedor_id`);

--
-- Indices de la tabla `stock_extra`
--
ALTER TABLE `stock_extra`
  ADD PRIMARY KEY (`cod_nacional`);

--
-- Indices de la tabla `stock_necesario_externo`
--
ALTER TABLE `stock_necesario_externo`
  ADD PRIMARY KEY (`cod_nacional`);

--
-- Indices de la tabla `stock_necesario_incremental`
--
ALTER TABLE `stock_necesario_incremental`
  ADD PRIMARY KEY (`nombre_excel`,`cod_nacional`),
  ADD KEY `cod_nacional` (`cod_nacional`);

--
-- Indices de la tabla `users`
--
ALTER TABLE `users`
  ADD PRIMARY KEY (`user_id`);

--
-- AUTO_INCREMENT de las tablas volcadas
--

--
-- AUTO_INCREMENT de la tabla `auth_login_fail`
--
ALTER TABLE `auth_login_fail`
  MODIFY `log_id` int(11) NOT NULL AUTO_INCREMENT COMMENT 'id del acceso. autonumerico', AUTO_INCREMENT=39;

--
-- AUTO_INCREMENT de la tabla `auth_login_success`
--
ALTER TABLE `auth_login_success`
  MODIFY `log_id` int(11) NOT NULL AUTO_INCREMENT COMMENT 'id del acceso. autonumerico', AUTO_INCREMENT=135;

--
-- AUTO_INCREMENT de la tabla `condiciones`
--
ALTER TABLE `condiciones`
  MODIFY `condicion_id` smallint(5) NOT NULL AUTO_INCREMENT, AUTO_INCREMENT=3;

--
-- AUTO_INCREMENT de la tabla `laboratorios`
--
ALTER TABLE `laboratorios`
  MODIFY `laboratorio_id` smallint(5) NOT NULL AUTO_INCREMENT, AUTO_INCREMENT=3;

--
-- AUTO_INCREMENT de la tabla `log_acciones`
--
ALTER TABLE `log_acciones`
  MODIFY `log_id` int(7) NOT NULL AUTO_INCREMENT, AUTO_INCREMENT=3;

--
-- AUTO_INCREMENT de la tabla `pedidos`
--
ALTER TABLE `pedidos`
  MODIFY `pedido_id` int(5) NOT NULL AUTO_INCREMENT, AUTO_INCREMENT=10;

--
-- AUTO_INCREMENT de la tabla `pedidostmp_promociones`
--
ALTER TABLE `pedidostmp_promociones`
  MODIFY `pedidopromotmp_id` int(5) NOT NULL AUTO_INCREMENT, AUTO_INCREMENT=6;

--
-- AUTO_INCREMENT de la tabla `pedidos_promociones`
--
ALTER TABLE `pedidos_promociones`
  MODIFY `pedidopromo_id` int(5) NOT NULL AUTO_INCREMENT, AUTO_INCREMENT=13;

--
-- AUTO_INCREMENT de la tabla `proveedores`
--
ALTER TABLE `proveedores`
  MODIFY `proveedor_id` smallint(5) NOT NULL AUTO_INCREMENT, AUTO_INCREMENT=6;

--
-- AUTO_INCREMENT de la tabla `users`
--
ALTER TABLE `users`
  MODIFY `user_id` int(10) UNSIGNED NOT NULL AUTO_INCREMENT, AUTO_INCREMENT=2;
COMMIT;

/*!40101 SET CHARACTER_SET_CLIENT=@OLD_CHARACTER_SET_CLIENT */;
/*!40101 SET CHARACTER_SET_RESULTS=@OLD_CHARACTER_SET_RESULTS */;
/*!40101 SET COLLATION_CONNECTION=@OLD_COLLATION_CONNECTION */;
